ID,DataVenda,ModeloComercial,NotaEntrada,NotaSaida,Vendedor,Cliente
1,2024-01-02,FMX,448855,885522,Vitor,EficientTrans
2,2024-02-05,FH,448856,885523,Jessica,MoviFrete
3,2024-01-03,VM,448857,885524,Jessica,SuperCargas
4,2024-02-06,FH,448858,885525,Rafael,ExpressoNet
5,2024-01-04,FH,448859,885526,Rafael,GlobalLog
6,2024-02-07,VM,448860,885527,Rafael,ExpressoNet
7,2024-01-05,FH,448861,885528,Rafael,RotaCerta
8,2024-02-08,FMX,448862,885529,Rafael,ExpressoNet
9,2024-01-06,FMX,448863,885530,Vitor,RápidoFrete
10,2024-02-09,FH,448864,885531,Jessica,FastFrete
11,2024-01-07,VM,448865,885532,Rafael,GlobalLog
12,2024-02-10,FH,448866,885533,Vitor,RápidoFrete
13,2024-01-08,FH,448867,885534,Vitor,Velocitrans
14,2024-02-11,VM,448868,885535,Rafael,RotaCerta
15,2024-01-09,FH,448869,885536,Jessica,MoviFrete
16,2024-02-12,FMX,448870,885537,Andre,LogiMaster
17,2024-01-10,FMX,448871,885538,Andre,RápidoLog
18,2024-02-13,FH,448872,885539,Vitor,RápidoFrete
19,2024-01-11,VM,448873,885540,Jessica,SuperCargas
20,2024-02-14,FH,448874,885541,Rafael,ExpressoNet
21,2024-01-12,FH,448875,885542,Andre,RápidoLog
22,2024-02-15,VM,448876,885543,Jessica,SuperCargas
23,2023-11-23,VM,448877,885544,Vitor,EficientTrans
24,2023-07-16,VM,448878,885545,Vitor,EficientTrans
25,2023-08-03,VM,448879,885546,Rafael,ExpressoNet
27,2023-09-23,FMX,448881,885548,Rafael,ExpressoNet
28,2023-09-18,FH,448882,885549,Rafael,GlobalLog
29,2024-04-08,VM,448883,885550,Vitor,RápidoFrete
30,2023-07-15,VM,448884,885551,Jessica,SuperCargas
31,2023-02-12,VM,448885,885552,Andre,LogiMaster
32,2024-05-17,FMX,448886,885553,Andre,RápidoLog
33,2023-05-07,VM,448887,885554,Jessica,FastFrete
34,2024-02-19,FH,448888,885555,Vitor,RápidoFrete
35,2024-04-14,VM,448889,885556,Rafael,MaxiCarga
36,2023-04-23,FMX,448890,885557,Rafael,MaxiCarga
37,2023-09-09,FH,448891,885558,Andre,LogiMaster
38,2023-05-30,VM,448892,885559,Andre,RápidoLog
39,2024-06-27,VM,448893,885560,Vitor,Velocitrans
40,2024-03-28,VM,448894,885561,Jessica,MoviFrete
41,2023-12-27,FH,448895,885562,Rafael,RotaCerta
42,2023-09-22,FH,448896,885563,Jessica,MoviFrete
43,2023-03-26,FMX,448897,885564,Andre,LogiMaster
44,2023-02-08,FMX,448898,885565,Andre,LogiMaster
45,2023-11-01,FH,448899,885566,Rafael,RotaCerta
46,2024-06-11,FMX,448900,885567,Andre,RápidoLog
47,2023-10-19,FH,448901,885568,Jessica,MoviFrete
48,2023-10-07,FMX,448902,885569,Andre,RápidoLog
49,2024-05-13,FH,448903,885570,Rafael,MaxiCarga
50,2023-09-21,VM,448904,885571,Andre,RápidoLog
51,2024-05-07,FMX,448905,885572,Andre,LogiMaster
52,2023-08-28,VM,448906,885573,Jessica,FastFrete
53,2023-06-17,VM,448907,885574,Rafael,MaxiCarga
54,2023-07-02,VM,448908,885575,Jessica,MoviFrete
55,2024-02-19,VM,448909,885576,Jessica,SuperCargas
56,2023-05-18,FMX,448910,885577,Rafael,GlobalLog
57,2024-01-01,FH,448911,885578,Vitor,Velocitrans
58,2023-04-08,FMX,448912,885579,Andre,LogiMaster
59,2024-06-27,FH,448913,885580,Jessica,MoviFrete
60,2024-04-10,FMX,448914,885581,Rafael,RotaCerta
61,2023-02-26,VM,448915,885582,Jessica,ViaCargo
62,2023-08-27,FMX,448916,885583,Andre,RápidoLog
63,2023-08-27,FH,448917,885584,Rafael,MaxiCarga
64,2023-07-30,FH,448918,885585,Rafael,ExpressoNet
65,2024-01-09,VM,448919,885586,Vitor,Velocitrans
66,2023-08-25,FH,448920,885587,Vitor,Velocitrans
67,2023-06-04,FMX,448921,885588,Vitor,Velocitrans
68,2023-03-10,VM,448922,885589,Rafael,MaxiCarga
69,2023-04-18,VM,448923,885590,Rafael,MaxiCarga
70,2024-02-26,FH,448924,885591,Rafael,RotaCerta
71,2023-04-22,FMX,448925,885592,Vitor,RápidoFrete
72,2023-05-17,VM,448926,885593,Vitor,EficientTrans
73,2023-10-10,VM,448927,885594,Jessica,ViaCargo
74,2024-01-27,FMX,448928,885595,Jessica,SuperCargas
75,2024-03-11,VM,448929,885596,Rafael,GlobalLog
76,2023-07-18,FH,448930,885597,Rafael,RotaCerta
77,2023-06-08,VM,448931,885598,Jessica,FastFrete
78,2023-04-05,FH,448932,885599,Andre,LogiMaster
79,2024-04-20,FH,448933,885600,Jessica,SuperCargas
80,2023-11-03,FH,448934,885601,Jessica,MoviFrete
81,2023-05-22,FH,448935,885602,Jessica,FastFrete
82,2023-04-18,FMX,448936,885603,Vitor,RápidoFrete
83,2024-06-02,VM,448937,885604,Rafael,ExpressoNet
84,2023-01-24,VM,448938,885605,Jessica,SuperCargas
85,2024-05-13,FH,448939,885606,Rafael,MaxiCarga
86,2023-08-14,FMX,448940,885607,Andre,RápidoLog
87,2023-04-28,FH,448941,885608,Rafael,GlobalLog
88,2023-03-11,VM,448942,885609,Jessica,FastFrete
89,2023-12-17,VM,448943,885610,Vitor,RápidoFrete
90,2024-01-14,VM,448944,885611,Jessica,FastFrete
91,2024-04-19,FMX,448945,885612,Jessica,MoviFrete
92,2023-08-16,VM,448946,885613,Rafael,RotaCerta
93,2023-02-14,VM,448947,885614,Vitor,Velocitrans
94,2023-09-17,FMX,448948,885615,Vitor,EficientTrans
95,2024-01-11,FMX,448949,885616,Vitor,EficientTrans
96,2023-04-16,VM,448950,885617,Jessica,FastFrete
97,2024-02-27,FH,448951,885618,Vitor,EficientTrans
98,2024-03-28,FMX,448952,885619,Rafael,MaxiCarga
99,2024-04-20,FH,448953,885620,Vitor,EficientTrans
100,2023-04-25,FH,448954,885621,Andre,RápidoLog
101,2023-03-16,VM,448955,885622,Vitor,RápidoFrete
102,2023-01-16,VM,448956,885623,Vitor,RápidoFrete
103,2023-06-17,FH,448957,885624,Jessica,FastFrete
104,2024-04-12,FMX,448958,885625,Vitor,EficientTrans
105,2024-03-06,VM,448959,885626,Jessica,MoviFrete
106,2023-04-09,FMX,448960,885627,Andre,LogiMaster
107,2023-05-30,FH,448961,885628,Jessica,MoviFrete
108,2023-09-23,FMX,448962,885629,Jessica,ViaCargo
109,2024-01-09,FMX,448963,885630,Jessica,ViaCargo
110,2024-06-24,FH,448964,885631,Vitor,RápidoFrete
111,2023-05-16,VM,448965,885632,Jessica,MoviFrete
112,2023-05-10,VM,448966,885633,Vitor,RápidoFrete
113,2023-10-08,FH,448967,885634,Vitor,EficientTrans
114,2023-09-02,FH,448968,885635,Andre,RápidoLog
115,2023-10-22,FH,448969,885636,Rafael,RotaCerta
116,2023-09-03,FMX,448970,885637,Andre,RápidoLog
117,2023-06-17,VM,448971,885638,Andre,RápidoLog
118,2023-08-25,FMX,448972,885639,Jessica,SuperCargas
119,2023-04-11,FMX,448973,885640,Andre,LogiMaster
120,2024-05-08,FMX,448974,885641,Jessica,ViaCargo
121,2024-03-09,VM,448975,885642,Andre,LogiMaster
122,2023-08-12,FH,448976,885643,Vitor,RápidoFrete
123,2024-02-01,VM,448977,885644,Andre,LogiMaster
124,2024-06-25,VM,448978,885645,Jessica,FastFrete
125,2023-05-22,FMX,448979,885646,Vitor,EficientTrans
126,2023-04-22,VM,448980,885647,Vitor,RápidoFrete
127,2024-02-18,VM,448981,885648,Vitor,EficientTrans
128,2024-05-30,FH,448982,885649,Jessica,MoviFrete
129,2023-11-13,FMX,448983,885650,Rafael,GlobalLog
130,2023-08-06,FMX,448984,885651,Andre,LogiMaster
131,2024-03-23,FH,448985,885652,Rafael,MaxiCarga
132,2023-09-30,FMX,448986,885653,Andre,LogiMaster
133,2024-03-24,VM,448987,885654,Andre,RápidoLog
134,2023-07-22,FH,448988,885655,Jessica,MoviFrete
135,2023-04-26,FH,448989,885656,Andre,LogiMaster
136,2023-10-14,VM,448990,885657,Jessica,ViaCargo
137,2023-05-09,VM,448991,885658,Vitor,Velocitrans
138,2024-03-31,VM,448992,885659,Vitor,EficientTrans
139,2023-09-16,VM,448993,885660,Jessica,SuperCargas
140,2023-07-13,VM,448994,885661,Rafael,RotaCerta
141,2023-10-19,VM,448995,885662,Rafael,GlobalLog
142,2024-05-03,VM,448996,885663,Rafael,GlobalLog
143,2023-11-25,VM,448997,885664,Jessica,MoviFrete
144,2023-02-04,VM,448998,885665,Vitor,EficientTrans
145,2023-04-19,VM,448999,885666,Andre,LogiMaster
146,2023-02-17,VM,449000,885667,Rafael,GlobalLog
147,2023-03-09,FMX,449001,885668,Jessica,MoviFrete
148,2024-04-21,FMX,449002,885669,Jessica,MoviFrete
149,2023-11-02,FH,449003,885670,Vitor,RápidoFrete
150,2023-01-15,FMX,449004,885671,Vitor,Velocitrans
151,2024-03-05,FMX,449005,885672,Vitor,RápidoFrete
152,2023-07-15,FMX,449006,885673,Jessica,ViaCargo
153,2023-04-30,VM,449007,885674,Andre,LogiMaster
154,2023-02-22,FMX,449008,885675,Rafael,MaxiCarga
155,2023-02-27,FMX,449009,885676,Vitor,EficientTrans
156,2024-06-24,FH,449010,885677,Jessica,MoviFrete
157,2024-03-13,FH,449011,885678,Vitor,EficientTrans
158,2023-05-31,FH,449012,885679,Andre,LogiMaster
159,2023-03-31,FMX,449013,885680,Rafael,MaxiCarga
160,2023-09-09,VM,449014,885681,Rafael,ExpressoNet
161,2024-05-12,FH,449015,885682,Jessica,MoviFrete
162,2023-07-12,VM,449016,885683,Jessica,SuperCargas
163,2024-02-10,VM,449017,885684,Jessica,MoviFrete
164,2023-02-05,FH,449018,885685,Jessica,FastFrete
165,2023-07-22,FMX,449019,885686,Andre,RápidoLog
166,2023-10-08,FH,449020,885687,Jessica,SuperCargas
167,2024-03-03,FMX,449021,885688,Vitor,Velocitrans
168,2023-11-12,VM,449022,885689,Jessica,SuperCargas
169,2023-10-18,FH,449023,885690,Rafael,ExpressoNet
170,2024-06-12,VM,449024,885691,Jessica,MoviFrete
171,2023-01-16,VM,449025,885692,Vitor,EficientTrans
172,2023-08-24,FMX,449026,885693,Vitor,EficientTrans
173,2023-10-30,FH,449027,885694,Jessica,FastFrete
174,2023-10-03,VM,449028,885695,Vitor,RápidoFrete
175,2024-06-29,VM,449029,885696,Vitor,RápidoFrete
176,2023-11-16,FH,449030,885697,Jessica,SuperCargas
177,2023-11-09,VM,449031,885698,Andre,LogiMaster
178,2023-02-16,FH,449032,885699,Rafael,MaxiCarga
179,2024-06-09,VM,449033,885700,Jessica,MoviFrete
180,2023-04-10,FMX,449034,885701,Vitor,RápidoFrete
181,2023-11-16,VM,449035,885702,Vitor,Velocitrans
182,2024-04-17,FH,449036,885703,Jessica,SuperCargas
183,2023-06-06,FMX,449037,885704,Jessica,ViaCargo
184,2023-03-30,FH,449038,885705,Vitor,Velocitrans
185,2023-07-27,FMX,449039,885706,Vitor,EficientTrans
186,2023-09-02,FMX,449040,885707,Rafael,RotaCerta
187,2023-09-11,VM,449041,885708,Rafael,MaxiCarga
188,2023-12-17,FH,449042,885709,Rafael,RotaCerta
189,2023-04-15,FH,449043,885710,Vitor,RápidoFrete
190,2024-05-22,FH,449044,885711,Andre,LogiMaster
191,2023-09-13,FMX,449045,885712,Rafael,RotaCerta
192,2023-07-16,VM,449046,885713,Vitor,Velocitrans
193,2024-01-02,VM,449047,885714,Jessica,ViaCargo
194,2023-02-04,VM,449048,885715,Andre,LogiMaster
195,2023-05-18,VM,449049,885716,Jessica,FastFrete
196,2023-06-27,VM,449050,885717,Rafael,RotaCerta
197,2024-05-27,FH,449051,885718,Rafael,MaxiCarga
198,2023-08-13,FMX,449052,885719,Andre,LogiMaster
199,2023-02-04,FMX,449053,885720,Vitor,EficientTrans
200,2024-04-24,VM,449054,885721,Andre,LogiMaster
201,2024-03-25,FMX,449055,885722,Vitor,EficientTrans
202,2024-06-13,VM,449056,885723,Jessica,MoviFrete
203,2023-05-17,FMX,449057,885724,Andre,LogiMaster
204,2023-01-07,VM,449058,885725,Vitor,Velocitrans
205,2024-04-18,FH,449059,885726,Vitor,EficientTrans
206,2024-02-06,FMX,449060,885727,Jessica,SuperCargas
207,2024-04-11,FH,449061,885728,Vitor,Velocitrans
208,2023-05-29,FH,449062,885729,Rafael,ExpressoNet
209,2023-09-12,FH,449063,885730,Jessica,SuperCargas
210,2023-02-13,FH,449064,885731,Rafael,MaxiCarga
211,2023-11-06,VM,449065,885732,Vitor,RápidoFrete
212,2023-12-27,FH,449066,885733,Rafael,MaxiCarga
213,2024-06-08,VM,449067,885734,Jessica,ViaCargo
214,2024-05-30,FMX,449068,885735,Vitor,Velocitrans
215,2024-01-09,FH,449069,885736,Andre,LogiMaster
216,2023-07-03,FH,449070,885737,Jessica,SuperCargas
217,2023-10-15,VM,449071,885738,Vitor,RápidoFrete
218,2023-01-07,VM,449072,885739,Vitor,Velocitrans
219,2023-07-21,FH,449073,885740,Andre,RápidoLog
220,2023-10-28,FH,449074,885741,Vitor,Velocitrans
221,2023-03-28,VM,449075,885742,Andre,LogiMaster
222,2023-10-25,VM,449076,885743,Andre,LogiMaster
223,2024-01-25,FMX,449077,885744,Vitor,EficientTrans
224,2023-07-24,FMX,449078,885745,Jessica,ViaCargo
225,2023-03-29,VM,449079,885746,Vitor,EficientTrans
226,2023-12-29,FMX,449080,885747,Jessica,SuperCargas
227,2023-04-13,VM,449081,885748,Jessica,MoviFrete
228,2023-02-26,FH,449082,885749,Jessica,MoviFrete
229,2023-09-25,FMX,449083,885750,Rafael,GlobalLog
230,2023-10-04,VM,449084,885751,Rafael,ExpressoNet
231,2023-06-16,FMX,449085,885752,Vitor,Velocitrans
232,2024-05-02,FH,449086,885753,Andre,LogiMaster
233,2023-02-27,VM,449087,885754,Jessica,MoviFrete
234,2024-06-27,FH,449088,885755,Rafael,MaxiCarga
235,2024-01-28,FH,449089,885756,Andre,LogiMaster
236,2023-03-25,FMX,449090,885757,Vitor,RápidoFrete
237,2023-02-25,VM,449091,885758,Andre,RápidoLog
238,2023-05-07,VM,449092,885759,Andre,LogiMaster
239,2023-08-12,FMX,449093,885760,Rafael,RotaCerta
240,2023-09-01,FH,449094,885761,Vitor,EficientTrans
241,2024-06-18,VM,449095,885762,Vitor,Velocitrans
242,2023-02-19,VM,449096,885763,Vitor,EficientTrans
243,2023-06-01,FMX,449097,885764,Vitor,Velocitrans
244,2024-03-26,FH,449098,885765,Andre,RápidoLog
245,2024-03-22,FH,449099,885766,Jessica,SuperCargas
246,2024-03-19,FH,449100,885767,Andre,RápidoLog
247,2024-01-10,FH,449101,885768,Jessica,FastFrete
248,2024-04-20,FH,449102,885769,Vitor,EficientTrans
249,2023-04-07,FH,449103,885770,Rafael,MaxiCarga
250,2024-01-29,FH,449104,885771,Andre,LogiMaster
251,2024-05-18,FH,449105,885772,Rafael,ExpressoNet
252,2023-02-20,FMX,449106,885773,Rafael,RotaCerta
253,2023-01-14,FMX,449107,885774,Jessica,FastFrete
254,2024-04-09,FMX,449108,885775,Andre,LogiMaster
255,2024-03-01,FMX,449109,885776,Vitor,EficientTrans
256,2023-09-21,FMX,449110,885777,Jessica,ViaCargo
257,2023-12-06,FH,449111,885778,Jessica,FastFrete
258,2023-08-25,VM,449112,885779,Rafael,MaxiCarga
259,2023-03-17,VM,449113,885780,Rafael,ExpressoNet
260,2023-02-14,FMX,449114,885781,Jessica,MoviFrete
261,2024-04-05,VM,449115,885782,Andre,LogiMaster
262,2024-05-05,VM,449116,885783,Vitor,EficientTrans
263,2023-12-24,FH,449117,885784,Jessica,FastFrete
264,2023-03-09,FMX,449118,885785,Jessica,ViaCargo
265,2024-02-12,VM,449119,885786,Andre,LogiMaster
266,2024-04-07,FMX,449120,885787,Vitor,RápidoFrete
267,2023-08-18,VM,449121,885788,Vitor,RápidoFrete
268,2024-01-06,FH,449122,885789,Andre,LogiMaster
269,2023-08-01,FMX,449123,885790,Jessica,SuperCargas
270,2023-02-22,FMX,449124,885791,Vitor,Velocitrans
271,2023-08-08,FH,449125,885792,Andre,LogiMaster
272,2023-12-17,FH,449126,885793,Vitor,Velocitrans
273,2023-08-04,FMX,449127,885794,Rafael,MaxiCarga
274,2024-03-03,VM,449128,885795,Jessica,FastFrete
275,2023-12-23,VM,449129,885796,Jessica,MoviFrete
276,2024-03-30,VM,449130,885797,Andre,RápidoLog
277,2023-06-27,FH,449131,885798,Jessica,ViaCargo
278,2023-04-24,FMX,449132,885799,Andre,LogiMaster
279,2023-06-17,VM,449133,885800,Rafael,ExpressoNet
280,2024-04-27,FMX,449134,885801,Vitor,Velocitrans
281,2023-11-16,FMX,449135,885802,Jessica,MoviFrete
282,2023-06-28,FH,449136,885803,Jessica,ViaCargo
283,2023-12-04,FH,449137,885804,Rafael,GlobalLog
284,2023-10-23,FMX,449138,885805,Vitor,Velocitrans
285,2023-10-04,VM,449139,885806,Vitor,Velocitrans
286,2023-03-13,FH,449140,885807,Vitor,RápidoFrete
287,2024-01-30,FH,449141,885808,Rafael,RotaCerta
288,2023-10-23,FMX,449142,885809,Vitor,EficientTrans
289,2023-05-07,FH,449143,885810,Vitor,RápidoFrete
290,2023-03-22,FMX,449144,885811,Jessica,ViaCargo
291,2024-01-07,VM,449145,885812,Vitor,Velocitrans
292,2023-12-21,FMX,449146,885813,Vitor,EficientTrans
293,2024-06-23,FMX,449147,885814,Rafael,RotaCerta
294,2023-02-27,FMX,449148,885815,Jessica,MoviFrete
295,2024-01-18,FMX,449149,885816,Jessica,FastFrete
296,2024-02-19,FH,449150,885817,Vitor,Velocitrans
297,2024-02-09,VM,449151,885818,Andre,RápidoLog
298,2024-01-24,VM,449152,885819,Andre,LogiMaster
299,2023-10-13,FMX,449153,885820,Vitor,Velocitrans
300,2023-05-31,FH,449154,885821,Jessica,FastFrete
301,2024-04-24,VM,449155,885822,Vitor,RápidoFrete
302,2024-05-28,VM,449156,885823,Andre,LogiMaster
303,2023-07-15,FH,449157,885824,Andre,RápidoLog
304,2023-12-19,FMX,449158,885825,Vitor,Velocitrans
305,2024-06-10,FH,449159,885826,Vitor,Velocitrans
306,2024-06-02,FMX,449160,885827,Vitor,EficientTrans
307,2023-01-31,VM,449161,885828,Vitor,RápidoFrete
308,2023-10-05,FH,449162,885829,Andre,LogiMaster
309,2023-06-21,FMX,449163,885830,Rafael,GlobalLog
310,2023-02-19,FMX,449164,885831,Jessica,FastFrete
311,2023-11-06,FMX,449165,885832,Andre,RápidoLog
312,2023-10-16,FMX,449166,885833,Andre,RápidoLog
313,2023-01-31,VM,449167,885834,Rafael,GlobalLog
314,2023-04-05,FMX,449168,885835,Jessica,ViaCargo
315,2024-03-13,VM,449169,885836,Andre,RápidoLog
316,2023-12-28,FMX,449170,885837,Jessica,MoviFrete
317,2024-04-18,FMX,449171,885838,Vitor,EficientTrans
318,2024-05-02,FMX,449172,885839,Andre,LogiMaster
319,2024-06-20,FH,449173,885840,Jessica,FastFrete
320,2023-02-15,FMX,449174,885841,Jessica,MoviFrete
321,2023-07-15,FH,449175,885842,Andre,LogiMaster
322,2023-12-18,FMX,449176,885843,Jessica,MoviFrete
323,2023-09-26,VM,449177,885844,Jessica,FastFrete
324,2024-01-02,FH,449178,885845,Jessica,MoviFrete
325,2024-01-25,VM,449179,885846,Jessica,MoviFrete
326,2023-04-30,FH,449180,885847,Rafael,ExpressoNet
327,2023-09-06,FH,449181,885848,Vitor,RápidoFrete
328,2024-05-20,VM,449182,885849,Rafael,MaxiCarga
329,2023-05-07,FH,449183,885850,Rafael,GlobalLog
330,2023-04-12,FMX,449184,885851,Rafael,MaxiCarga
331,2023-10-05,FH,449185,885852,Rafael,MaxiCarga
332,2023-01-25,FH,449186,885853,Rafael,RotaCerta
333,2023-08-05,FH,449187,885854,Vitor,Velocitrans
334,2023-12-27,FH,449188,885855,Andre,LogiMaster
335,2023-10-06,FH,449189,885856,Jessica,MoviFrete
336,2024-05-23,FMX,449190,885857,Vitor,RápidoFrete
337,2024-06-23,FMX,449191,885858,Rafael,GlobalLog
338,2024-05-07,VM,449192,885859,Jessica,FastFrete
339,2023-04-04,FMX,449193,885860,Jessica,ViaCargo
340,2024-05-26,FMX,449194,885861,Vitor,EficientTrans
341,2024-05-25,FH,449195,885862,Rafael,RotaCerta
342,2023-05-07,FH,449196,885863,Rafael,RotaCerta
343,2024-05-06,FMX,449197,885864,Andre,LogiMaster
344,2023-01-27,FH,449198,885865,Rafael,MaxiCarga
345,2023-06-19,VM,449199,885866,Jessica,MoviFrete
346,2023-08-26,FH,449200,885867,Andre,RápidoLog
347,2023-07-27,VM,449201,885868,Vitor,RápidoFrete
348,2023-12-24,VM,449202,885869,Andre,RápidoLog
349,2023-01-02,VM,449203,885870,Vitor,EficientTrans
350,2023-04-11,FMX,449204,885871,Jessica,MoviFrete
351,2024-01-07,VM,449205,885872,Vitor,EficientTrans
352,2023-10-20,FH,449206,885873,Jessica,MoviFrete
353,2023-01-22,FMX,449207,885874,Vitor,EficientTrans
354,2024-05-12,FH,449208,885875,Rafael,ExpressoNet
355,2023-05-01,FH,449209,885876,Jessica,ViaCargo
356,2024-01-05,FH,449210,885877,Jessica,ViaCargo
357,2023-11-05,FMX,449211,885878,Andre,LogiMaster
358,2024-06-18,FH,449212,885879,Jessica,MoviFrete
359,2023-09-01,FMX,449213,885880,Vitor,Velocitrans
360,2023-06-02,FMX,449214,885881,Vitor,RápidoFrete
361,2023-03-24,FH,449215,885882,Vitor,RápidoFrete
362,2024-04-30,FMX,449216,885883,Vitor,RápidoFrete
363,2023-10-04,VM,449217,885884,Vitor,RápidoFrete
364,2023-09-25,VM,449218,885885,Rafael,RotaCerta
365,2024-03-30,FMX,449219,885886,Andre,LogiMaster
366,2024-03-30,FMX,449220,885887,Jessica,FastFrete
367,2023-10-25,FH,449221,885888,Vitor,Velocitrans
368,2024-06-25,FMX,449222,885889,Andre,LogiMaster
369,2024-05-21,FH,449223,885890,Jessica,FastFrete
370,2024-02-13,VM,449224,885891,Rafael,MaxiCarga
371,2023-12-12,VM,449225,885892,Vitor,EficientTrans
372,2023-08-05,VM,449226,885893,Jessica,FastFrete
373,2023-12-11,VM,449227,885894,Rafael,RotaCerta
374,2024-03-07,VM,449228,885895,Vitor,Velocitrans
375,2024-06-27,VM,449229,885896,Rafael,RotaCerta
376,2023-07-19,FH,449230,885897,Vitor,RápidoFrete
377,2023-04-15,FH,449231,885898,Vitor,Velocitrans
378,2024-06-09,FH,449232,885899,Vitor,RápidoFrete
379,2023-01-26,VM,449233,885900,Jessica,SuperCargas
380,2024-02-11,FMX,449234,885901,Vitor,RápidoFrete
381,2024-05-28,FMX,449235,885902,Jessica,MoviFrete
382,2024-03-28,FH,449236,885903,Rafael,MaxiCarga
383,2024-06-13,VM,449237,885904,Vitor,Velocitrans
384,2024-02-28,FMX,449238,885905,Vitor,Velocitrans
385,2024-01-11,FH,449239,885906,Jessica,SuperCargas
386,2023-02-05,FMX,449240,885907,Rafael,MaxiCarga
387,2024-01-25,VM,449241,885908,Vitor,RápidoFrete
388,2023-03-13,VM,449242,885909,Vitor,Velocitrans
389,2023-11-04,FH,449243,885910,Jessica,FastFrete
390,2023-04-15,FH,449244,885911,Vitor,Velocitrans
391,2024-03-18,FH,449245,885912,Andre,LogiMaster
392,2023-09-12,FH,449246,885913,Andre,LogiMaster
393,2023-12-29,FH,449247,885914,Rafael,GlobalLog
394,2024-02-12,FH,449248,885915,Andre,RápidoLog
395,2023-02-06,VM,449249,885916,Jessica,FastFrete
396,2023-07-29,FMX,449250,885917,Andre,RápidoLog
397,2024-01-14,VM,449251,885918,Vitor,Velocitrans
398,2024-05-29,FH,449252,885919,Andre,RápidoLog
399,2023-06-12,FMX,449253,885920,Rafael,ExpressoNet
400,2023-06-19,FMX,449254,885921,Jessica,ViaCargo
401,2023-12-21,FH,449255,885922,Rafael,GlobalLog
402,2023-08-15,FMX,449256,885923,Jessica,SuperCargas
403,2023-11-09,VM,449257,885924,Rafael,RotaCerta
404,2023-10-25,VM,449258,885925,Jessica,SuperCargas
405,2023-06-03,FMX,449259,885926,Vitor,RápidoFrete
406,2023-02-07,FMX,449260,885927,Vitor,Velocitrans
407,2024-02-27,FMX,449261,885928,Jessica,MoviFrete
408,2023-11-28,FMX,449262,885929,Andre,LogiMaster
409,2023-10-09,FH,449263,885930,Jessica,ViaCargo
410,2023-11-12,FMX,449264,885931,Jessica,ViaCargo
411,2024-03-03,FH,449265,885932,Rafael,RotaCerta
412,2023-10-22,VM,449266,885933,Rafael,MaxiCarga
413,2023-05-20,FH,449267,885934,Vitor,Velocitrans
414,2024-03-21,FMX,449268,885935,Jessica,FastFrete
415,2024-02-23,FMX,449269,885936,Rafael,ExpressoNet
416,2023-05-29,FH,449270,885937,Vitor,RápidoFrete
417,2024-02-09,FH,449271,885938,Vitor,RápidoFrete
418,2023-02-14,FH,449272,885939,Rafael,MaxiCarga
419,2024-02-04,VM,449273,885940,Vitor,Velocitrans
420,2024-06-30,FH,449274,885941,Jessica,SuperCargas
421,2023-04-07,VM,449275,885942,Vitor,RápidoFrete
422,2023-03-05,FMX,449276,885943,Jessica,MoviFrete
423,2023-11-19,VM,449277,885944,Vitor,RápidoFrete
424,2023-10-20,FH,449278,885945,Rafael,RotaCerta
425,2023-01-26,VM,449279,885946,Andre,LogiMaster
426,2023-03-12,VM,449280,885947,Jessica,SuperCargas
427,2023-05-01,FMX,449281,885948,Jessica,MoviFrete
428,2023-12-04,FH,449282,885949,Jessica,SuperCargas
429,2023-08-22,FMX,449283,885950,Rafael,GlobalLog
430,2023-02-25,VM,449284,885951,Andre,RápidoLog
431,2023-02-19,VM,449285,885952,Vitor,RápidoFrete
432,2024-02-09,VM,449286,885953,Jessica,MoviFrete
433,2024-05-25,VM,449287,885954,Jessica,SuperCargas
434,2024-06-22,FMX,449288,885955,Andre,LogiMaster
435,2023-02-19,VM,449289,885956,Rafael,GlobalLog
436,2023-04-11,FMX,449290,885957,Rafael,RotaCerta
437,2023-10-31,FMX,449291,885958,Rafael,GlobalLog
438,2023-12-08,FH,449292,885959,Vitor,RápidoFrete
439,2023-06-22,VM,449293,885960,Jessica,SuperCargas
440,2023-04-13,VM,449294,885961,Jessica,MoviFrete
441,2024-03-30,VM,449295,885962,Vitor,RápidoFrete
442,2024-02-27,FMX,449296,885963,Rafael,GlobalLog
443,2024-03-05,FMX,449297,885964,Vitor,RápidoFrete
444,2023-10-07,FH,449298,885965,Jessica,MoviFrete
445,2024-01-02,FMX,449299,885966,Rafael,MaxiCarga
446,2023-11-29,FMX,449300,885967,Rafael,ExpressoNet
447,2024-03-11,FH,449301,885968,Vitor,RápidoFrete
448,2024-05-01,VM,449302,885969,Jessica,MoviFrete
449,2023-05-13,VM,449303,885970,Jessica,SuperCargas
450,2023-02-12,VM,449304,885971,Rafael,ExpressoNet
451,2023-06-19,FMX,449305,885972,Vitor,Velocitrans
452,2023-11-13,FH,449306,885973,Vitor,Velocitrans
453,2024-05-08,VM,449307,885974,Rafael,ExpressoNet
454,2024-05-05,FMX,449308,885975,Jessica,MoviFrete
455,2023-11-15,FMX,449309,885976,Andre,LogiMaster
456,2023-05-16,VM,449310,885977,Andre,LogiMaster
457,2023-03-17,FMX,449311,885978,Jessica,SuperCargas
458,2023-08-24,FH,449312,885979,Vitor,EficientTrans
459,2024-06-16,FMX,449313,885980,Rafael,MaxiCarga
460,2023-02-11,VM,449314,885981,Vitor,Velocitrans
461,2023-06-12,FMX,449315,885982,Jessica,MoviFrete
462,2024-02-17,VM,449316,885983,Rafael,RotaCerta
463,2023-01-06,FH,449317,885984,Rafael,RotaCerta
464,2024-03-11,VM,449318,885985,Andre,LogiMaster
465,2024-03-10,VM,449319,885986,Jessica,MoviFrete
466,2024-06-06,VM,449320,885987,Vitor,RápidoFrete
467,2023-09-07,FMX,449321,885988,Vitor,RápidoFrete
468,2023-01-15,VM,449322,885989,Rafael,GlobalLog
469,2023-08-11,FH,449323,885990,Rafael,MaxiCarga
470,2023-07-17,FMX,449324,885991,Jessica,FastFrete
471,2024-01-29,FMX,449325,885992,Rafael,GlobalLog
472,2023-05-07,FH,449326,885993,Vitor,Velocitrans
473,2024-06-16,VM,449327,885994,Rafael,RotaCerta
474,2024-06-05,VM,449328,885995,Vitor,EficientTrans
475,2023-10-13,FH,449329,885996,Vitor,Velocitrans
476,2024-01-16,FH,449330,885997,Vitor,RápidoFrete
477,2023-09-20,FMX,449331,885998,Rafael,MaxiCarga
478,2023-03-24,FMX,449332,885999,Vitor,EficientTrans
479,2023-06-15,VM,449333,886000,Rafael,ExpressoNet
480,2023-01-25,FH,449334,886001,Rafael,RotaCerta
481,2023-02-05,FMX,449335,886002,Jessica,ViaCargo
482,2024-01-29,FH,449336,886003,Rafael,RotaCerta
483,2023-05-16,VM,449337,886004,Jessica,SuperCargas
484,2024-06-03,FMX,449338,886005,Vitor,RápidoFrete
485,2023-12-01,VM,449339,886006,Vitor,EficientTrans
486,2024-01-06,VM,449340,886007,Vitor,RápidoFrete
487,2024-06-12,FMX,449341,886008,Andre,LogiMaster
488,2024-05-09,FMX,449342,886009,Vitor,Velocitrans
489,2023-01-21,FH,449343,886010,Jessica,SuperCargas
490,2023-09-23,VM,449344,886011,Jessica,MoviFrete
491,2024-04-14,FMX,449345,886012,Vitor,RápidoFrete
492,2023-06-15,VM,449346,886013,Jessica,MoviFrete
493,2023-11-25,VM,449347,886014,Andre,RápidoLog
494,2024-05-04,FH,449348,886015,Jessica,MoviFrete
495,2023-10-26,VM,449349,886016,Rafael,MaxiCarga
496,2024-02-02,FH,449350,886017,Vitor,RápidoFrete
497,2023-08-21,FMX,449351,886018,Vitor,RápidoFrete
498,2024-06-25,FMX,449352,886019,Andre,LogiMaster
499,2024-03-15,VM,449353,886020,Jessica,SuperCargas
500,2023-12-27,VM,449354,886021,Rafael,GlobalLog
501,2024-06-05,VM,449355,886022,Andre,LogiMaster
502,2023-08-04,FMX,449356,886023,Vitor,Velocitrans
503,2023-05-20,FH,449357,886024,Vitor,RápidoFrete
504,2024-04-13,VM,449358,886025,Rafael,ExpressoNet
505,2023-07-24,FMX,449359,886026,Vitor,EficientTrans
506,2024-04-18,VM,449360,886027,Vitor,RápidoFrete
507,2023-12-24,FMX,449361,886028,Vitor,RápidoFrete
508,2024-02-29,FMX,449362,886029,Jessica,ViaCargo
509,2023-01-10,FMX,449363,886030,Andre,LogiMaster
510,2024-05-15,FMX,449364,886031,Andre,LogiMaster
511,2023-12-15,VM,449365,886032,Andre,LogiMaster
512,2024-02-02,FH,449366,886033,Vitor,Velocitrans
513,2023-03-14,FH,449367,886034,Jessica,ViaCargo
514,2023-01-27,FMX,449368,886035,Rafael,GlobalLog
515,2023-03-31,FH,449369,886036,Jessica,ViaCargo
516,2023-09-03,FMX,449370,886037,Rafael,ExpressoNet
517,2024-06-07,VM,449371,886038,Andre,LogiMaster
518,2023-06-11,FH,449372,886039,Andre,LogiMaster
519,2024-04-07,VM,449373,886040,Vitor,Velocitrans
520,2023-10-06,FH,449374,886041,Jessica,MoviFrete
521,2024-02-11,FH,449375,886042,Jessica,MoviFrete
522,2024-02-11,FH,449376,886043,Jessica,SuperCargas
523,2024-01-07,VM,449377,886044,Rafael,RotaCerta
524,2023-09-23,VM,449378,886045,Andre,LogiMaster
525,2023-06-25,FMX,449379,886046,Rafael,RotaCerta
526,2023-07-03,FH,449380,886047,Andre,LogiMaster
527,2023-03-29,FMX,449381,886048,Jessica,SuperCargas
528,2023-04-09,VM,449382,886049,Vitor,RápidoFrete
529,2024-05-12,VM,449383,886050,Andre,LogiMaster
530,2024-05-20,FH,449384,886051,Vitor,RápidoFrete
531,2024-06-21,FMX,449385,886052,Andre,LogiMaster
532,2023-06-08,FMX,449386,886053,Andre,LogiMaster
533,2023-09-16,FH,449387,886054,Vitor,RápidoFrete
534,2023-04-25,FH,449388,886055,Vitor,Velocitrans
535,2024-01-12,FH,449389,886056,Andre,LogiMaster
536,2023-08-13,VM,449390,886057,Jessica,MoviFrete
537,2023-05-01,FMX,449391,886058,Andre,LogiMaster
538,2023-10-15,VM,449392,886059,Andre,LogiMaster
539,2023-07-30,VM,449393,886060,Andre,LogiMaster
540,2024-02-27,VM,449394,886061,Andre,RápidoLog
541,2023-07-15,FH,449395,886062,Rafael,RotaCerta
542,2023-12-15,FMX,449396,886063,Andre,LogiMaster
543,2024-04-26,FMX,449397,886064,Rafael,MaxiCarga
544,2023-09-17,VM,449398,886065,Jessica,MoviFrete
545,2023-03-28,FMX,449399,886066,Jessica,MoviFrete
546,2024-06-11,FMX,449400,886067,Jessica,MoviFrete
547,2024-06-12,VM,449401,886068,Rafael,GlobalLog
548,2024-05-11,FH,449402,886069,Jessica,SuperCargas
549,2024-03-18,FMX,449403,886070,Rafael,MaxiCarga
550,2024-02-17,VM,449404,886071,Rafael,GlobalLog
551,2023-10-24,FMX,449405,886072,Vitor,RápidoFrete
552,2023-02-18,VM,449406,886073,Vitor,RápidoFrete
553,2023-05-15,VM,449407,886074,Vitor,Velocitrans
554,2023-06-09,VM,449408,886075,Vitor,Velocitrans
555,2023-09-29,FH,449409,886076,Jessica,MoviFrete
556,2023-02-27,FMX,449410,886077,Vitor,Velocitrans
557,2023-04-22,FH,449411,886078,Vitor,RápidoFrete
558,2024-01-29,VM,449412,886079,Vitor,RápidoFrete
559,2023-10-16,FMX,449413,886080,Jessica,FastFrete
560,2023-06-26,VM,449414,886081,Jessica,FastFrete
561,2024-06-29,FH,449415,886082,Vitor,RápidoFrete
562,2024-04-11,FMX,449416,886083,Andre,LogiMaster
563,2024-04-07,FMX,449417,886084,Andre,LogiMaster
564,2024-05-17,FH,449418,886085,Jessica,MoviFrete
565,2023-08-10,VM,449419,886086,Vitor,Velocitrans
566,2023-03-22,FMX,449420,886087,Vitor,Velocitrans
567,2024-05-06,FMX,449421,886088,Vitor,Velocitrans
568,2024-03-29,FH,449422,886089,Vitor,Velocitrans
569,2023-03-29,FH,449423,886090,Rafael,MaxiCarga
570,2024-01-24,VM,449424,886091,Vitor,Velocitrans
571,2024-06-05,VM,449425,886092,Vitor,RápidoFrete
572,2023-08-22,FMX,449426,886093,Andre,LogiMaster
573,2023-12-27,FH,449427,886094,Jessica,MoviFrete
574,2023-12-10,VM,449428,886095,Rafael,MaxiCarga
575,2023-05-04,FH,449429,886096,Rafael,GlobalLog
576,2023-09-13,FH,449430,886097,Jessica,ViaCargo
577,2023-07-07,FH,449431,886098,Vitor,RápidoFrete
578,2023-06-30,FH,449432,886099,Vitor,EficientTrans
579,2024-01-12,FH,449433,886100,Jessica,SuperCargas
580,2023-12-16,FH,449434,886101,Vitor,Velocitrans
581,2024-01-24,FMX,449435,886102,Vitor,Velocitrans
582,2023-05-09,FMX,449436,886103,Vitor,EficientTrans
583,2023-03-05,FMX,449437,886104,Andre,LogiMaster
584,2023-02-10,FH,449438,886105,Jessica,FastFrete
585,2023-08-10,VM,449439,886106,Jessica,ViaCargo
586,2023-01-23,FH,449440,886107,Vitor,EficientTrans
587,2023-08-12,FH,449441,886108,Jessica,FastFrete
588,2024-04-06,FMX,449442,886109,Andre,LogiMaster
589,2023-07-17,FH,449443,886110,Andre,LogiMaster
590,2024-06-06,VM,449444,886111,Rafael,ExpressoNet
591,2023-10-21,FMX,449445,886112,Jessica,SuperCargas
592,2023-07-12,VM,449446,886113,Vitor,RápidoFrete
593,2024-03-22,FH,449447,886114,Rafael,MaxiCarga
594,2024-02-24,FH,449448,886115,Vitor,Velocitrans
595,2023-10-02,FH,449449,886116,Rafael,MaxiCarga
596,2024-03-21,VM,449450,886117,Jessica,FastFrete
597,2023-02-05,FMX,449451,886118,Jessica,SuperCargas
598,2024-03-24,FMX,449452,886119,Vitor,Velocitrans
599,2024-05-22,VM,449453,886120,Vitor,EficientTrans
600,2023-01-17,VM,449454,886121,Jessica,ViaCargo
601,2023-12-28,FH,449455,886122,Jessica,ViaCargo
602,2023-07-14,FMX,449456,886123,Vitor,Velocitrans
603,2023-02-27,FMX,449457,886124,Andre,LogiMaster
604,2023-08-20,FH,449458,886125,Vitor,RápidoFrete
605,2023-01-26,FMX,449459,886126,Jessica,MoviFrete
606,2023-03-05,VM,449460,886127,Rafael,ExpressoNet
607,2024-03-27,FMX,449461,886128,Jessica,SuperCargas
608,2023-03-11,VM,449462,886129,Vitor,EficientTrans
609,2023-12-12,FMX,449463,886130,Vitor,Velocitrans
610,2024-01-28,FMX,449464,886131,Vitor,RápidoFrete
611,2024-04-23,FMX,449465,886132,Rafael,ExpressoNet
612,2024-06-08,FMX,449466,886133,Vitor,Velocitrans
613,2023-07-06,FH,449467,886134,Vitor,EficientTrans
614,2023-01-09,FH,449468,886135,Vitor,Velocitrans
615,2023-12-03,FMX,449469,886136,Rafael,RotaCerta
616,2023-03-01,FMX,449470,886137,Jessica,SuperCargas
617,2024-02-19,FH,449471,886138,Rafael,GlobalLog
618,2024-04-10,FH,449472,886139,Andre,RápidoLog
619,2024-04-18,VM,449473,886140,Rafael,RotaCerta
620,2024-05-28,FMX,449474,886141,Vitor,RápidoFrete
621,2024-06-14,FMX,449475,886142,Rafael,MaxiCarga
622,2024-04-02,FMX,449476,886143,Rafael,RotaCerta
623,2023-06-25,FMX,449477,886144,Rafael,GlobalLog
624,2023-08-29,FMX,449478,886145,Andre,RápidoLog
625,2024-05-30,FH,449479,886146,Rafael,MaxiCarga
626,2023-03-03,FH,449480,886147,Andre,LogiMaster
627,2023-09-03,VM,449481,886148,Vitor,Velocitrans
628,2024-02-28,FH,449482,886149,Jessica,SuperCargas
629,2023-03-20,FMX,449483,886150,Jessica,FastFrete
630,2023-02-23,FH,449484,886151,Jessica,SuperCargas
631,2024-06-17,FMX,449485,886152,Andre,RápidoLog
632,2024-01-17,VM,449486,886153,Rafael,MaxiCarga
633,2024-03-08,VM,449487,886154,Vitor,EficientTrans
634,2024-02-15,FMX,449488,886155,Vitor,RápidoFrete
635,2023-04-20,FMX,449489,886156,Vitor,EficientTrans
636,2023-05-16,FMX,449490,886157,Vitor,Velocitrans
637,2023-07-16,VM,449491,886158,Vitor,EficientTrans
638,2023-07-04,FH,449492,886159,Andre,RápidoLog
639,2023-03-14,FH,449493,886160,Jessica,ViaCargo
640,2023-06-29,VM,449494,886161,Jessica,SuperCargas
641,2023-02-23,FH,449495,886162,Rafael,MaxiCarga
642,2023-07-23,VM,449496,886163,Andre,LogiMaster
643,2024-05-21,VM,449497,886164,Rafael,ExpressoNet
644,2023-12-28,FMX,449498,886165,Andre,LogiMaster
645,2023-02-01,FMX,449499,886166,Jessica,SuperCargas
646,2023-05-16,FMX,449500,886167,Rafael,RotaCerta
647,2023-07-27,VM,449501,886168,Andre,LogiMaster
648,2023-04-17,VM,449502,886169,Jessica,SuperCargas
649,2023-01-20,FH,449503,886170,Andre,LogiMaster
650,2023-03-11,FMX,449504,886171,Jessica,MoviFrete
651,2023-03-28,VM,449505,886172,Vitor,Velocitrans
652,2024-04-15,VM,449506,886173,Andre,LogiMaster
653,2023-06-23,FH,449507,886174,Vitor,Velocitrans
654,2023-03-22,FH,449508,886175,Vitor,EficientTrans
655,2023-11-25,FH,449509,886176,Jessica,SuperCargas
656,2023-05-22,FH,449510,886177,Vitor,EficientTrans
657,2023-02-15,FH,449511,886178,Vitor,RápidoFrete
658,2023-06-15,VM,449512,886179,Vitor,EficientTrans
659,2023-08-20,FMX,449513,886180,Vitor,Velocitrans
660,2023-07-06,FH,449514,886181,Vitor,Velocitrans
661,2024-02-20,VM,449515,886182,Rafael,GlobalLog
662,2024-04-18,VM,449516,886183,Rafael,GlobalLog
663,2023-10-30,FH,449517,886184,Jessica,MoviFrete
664,2024-06-26,FH,449518,886185,Rafael,MaxiCarga
665,2024-06-11,FH,449519,886186,Vitor,RápidoFrete
666,2024-03-10,FMX,449520,886187,Vitor,RápidoFrete
667,2023-07-22,VM,449521,886188,Vitor,Velocitrans
668,2023-02-24,FMX,449522,886189,Vitor,RápidoFrete
669,2024-01-30,FMX,449523,886190,Rafael,GlobalLog
670,2023-03-23,FH,449524,886191,Rafael,GlobalLog
671,2023-09-30,FH,449525,886192,Jessica,FastFrete
672,2023-02-10,FMX,449526,886193,Andre,LogiMaster
673,2024-04-22,VM,449527,886194,Rafael,GlobalLog
674,2023-07-16,VM,449528,886195,Rafael,MaxiCarga
675,2023-09-24,VM,449529,886196,Jessica,SuperCargas
676,2023-06-12,FMX,449530,886197,Jessica,MoviFrete
677,2024-04-12,VM,449531,886198,Jessica,ViaCargo
678,2023-01-15,FH,449532,886199,Jessica,MoviFrete
679,2024-04-20,FMX,449533,886200,Vitor,Velocitrans
680,2023-09-22,VM,449534,886201,Jessica,FastFrete
681,2024-06-01,FH,449535,886202,Vitor,RápidoFrete
682,2023-03-17,FH,449536,886203,Jessica,SuperCargas
683,2024-04-03,VM,449537,886204,Jessica,SuperCargas
684,2023-12-11,FMX,449538,886205,Vitor,RápidoFrete
685,2023-10-08,FH,449539,886206,Rafael,GlobalLog
686,2024-01-22,VM,449540,886207,Jessica,FastFrete
687,2024-06-26,FH,449541,886208,Jessica,SuperCargas
688,2023-11-15,VM,449542,886209,Vitor,EficientTrans
689,2023-09-01,FMX,449543,886210,Jessica,MoviFrete
690,2024-05-22,FMX,449544,886211,Andre,RápidoLog
691,2024-03-16,FMX,449545,886212,Vitor,RápidoFrete
692,2023-12-09,FMX,449546,886213,Rafael,RotaCerta
693,2023-06-25,VM,449547,886214,Vitor,EficientTrans
694,2023-12-20,FMX,449548,886215,Vitor,RápidoFrete
695,2023-04-07,VM,449549,886216,Rafael,GlobalLog
696,2023-05-02,FMX,449550,886217,Jessica,MoviFrete
697,2023-04-04,FH,449551,886218,Andre,LogiMaster
698,2024-01-29,VM,449552,886219,Rafael,GlobalLog
699,2024-05-23,VM,449553,886220,Vitor,RápidoFrete
700,2023-10-26,VM,449554,886221,Jessica,SuperCargas
701,2023-09-07,FH,449555,886222,Andre,RápidoLog
702,2023-07-28,FH,449556,886223,Vitor,RápidoFrete
703,2023-08-23,VM,449557,886224,Jessica,SuperCargas
704,2023-01-21,VM,449558,886225,Jessica,FastFrete
705,2023-08-09,VM,449559,886226,Vitor,Velocitrans
706,2023-06-10,FH,449560,886227,Jessica,ViaCargo
707,2023-11-13,VM,449561,886228,Rafael,GlobalLog
708,2024-01-26,FMX,449562,886229,Rafael,RotaCerta
709,2023-01-23,FH,449563,886230,Vitor,EficientTrans
710,2023-07-31,VM,449564,886231,Jessica,SuperCargas
711,2023-06-26,VM,449565,886232,Jessica,SuperCargas
712,2024-05-04,VM,449566,886233,Jessica,MoviFrete
713,2024-01-29,FMX,449567,886234,Rafael,MaxiCarga
714,2024-02-05,FMX,449568,886235,Jessica,MoviFrete
715,2023-07-06,FH,449569,886236,Rafael,RotaCerta
716,2023-07-06,FH,449570,886237,Rafael,GlobalLog
717,2023-01-17,FMX,449571,886238,Vitor,Velocitrans
718,2023-01-25,VM,449572,886239,Rafael,MaxiCarga
719,2024-06-18,VM,449573,886240,Vitor,EficientTrans
720,2023-06-22,FH,449574,886241,Jessica,MoviFrete
721,2024-03-01,VM,449575,886242,Vitor,Velocitrans
722,2023-07-19,VM,449576,886243,Rafael,GlobalLog
723,2024-05-25,FH,449577,886244,Andre,LogiMaster
724,2023-11-20,VM,449578,886245,Jessica,MoviFrete
725,2023-03-02,VM,449579,886246,Vitor,Velocitrans
726,2023-04-30,FMX,449580,886247,Rafael,RotaCerta
727,2023-12-07,FMX,449581,886248,Jessica,MoviFrete
728,2024-04-29,FH,449582,886249,Andre,RápidoLog
729,2023-05-16,FMX,449583,886250,Jessica,MoviFrete
730,2023-04-22,FH,449584,886251,Jessica,MoviFrete
731,2023-07-18,FH,449585,886252,Rafael,RotaCerta
732,2023-05-01,FH,449586,886253,Jessica,MoviFrete
733,2023-08-27,VM,449587,886254,Rafael,GlobalLog
734,2024-05-27,VM,449588,886255,Jessica,FastFrete
735,2023-08-17,FMX,449589,886256,Vitor,RápidoFrete
736,2023-03-11,FH,449590,886257,Andre,LogiMaster
737,2023-10-27,FH,449591,886258,Andre,RápidoLog
738,2023-09-18,FMX,449592,886259,Andre,RápidoLog
739,2024-04-23,FH,449593,886260,Rafael,MaxiCarga
740,2024-01-07,VM,449594,886261,Jessica,ViaCargo
741,2023-10-06,FMX,449595,886262,Andre,LogiMaster
742,2023-08-23,FH,449596,886263,Rafael,MaxiCarga
743,2023-02-16,FH,449597,886264,Vitor,EficientTrans
744,2023-05-03,FMX,449598,886265,Vitor,RápidoFrete
745,2023-09-20,FMX,449599,886266,Vitor,RápidoFrete
746,2024-04-14,FMX,449600,886267,Jessica,SuperCargas
747,2023-08-20,FMX,449601,886268,Jessica,ViaCargo
748,2023-12-17,FH,449602,886269,Jessica,FastFrete
749,2023-11-11,FMX,449603,886270,Vitor,EficientTrans
750,2024-02-22,FMX,449604,886271,Jessica,MoviFrete
751,2023-01-23,FMX,449605,886272,Rafael,ExpressoNet
752,2023-08-31,FH,449606,886273,Jessica,FastFrete
753,2024-03-14,FMX,449607,886274,Jessica,MoviFrete
754,2023-06-17,FH,449608,886275,Andre,LogiMaster
755,2023-09-30,FMX,449609,886276,Andre,LogiMaster
756,2023-11-09,FH,449610,886277,Andre,LogiMaster
757,2024-02-09,FH,449611,886278,Vitor,EficientTrans
758,2023-10-06,FH,449612,886279,Rafael,MaxiCarga
759,2023-11-09,FMX,449613,886280,Andre,LogiMaster
760,2023-07-18,FMX,449614,886281,Jessica,FastFrete
761,2024-05-05,VM,449615,886282,Andre,LogiMaster
762,2024-02-07,FMX,449616,886283,Jessica,SuperCargas
763,2023-03-17,FH,449617,886284,Vitor,RápidoFrete
764,2024-06-27,FMX,449618,886285,Rafael,RotaCerta
765,2024-05-19,VM,449619,886286,Vitor,RápidoFrete
766,2023-11-17,FH,449620,886287,Rafael,ExpressoNet
767,2023-11-04,VM,449621,886288,Jessica,ViaCargo
768,2024-03-02,FMX,449622,886289,Andre,LogiMaster
769,2024-04-29,VM,449623,886290,Jessica,ViaCargo
770,2023-10-30,FMX,449624,886291,Rafael,MaxiCarga
771,2024-05-04,VM,449625,886292,Rafael,MaxiCarga
772,2024-05-29,VM,449626,886293,Rafael,RotaCerta
773,2023-01-21,FMX,449627,886294,Jessica,SuperCargas
774,2024-05-15,FMX,449628,886295,Rafael,ExpressoNet
775,2024-02-08,VM,449629,886296,Andre,LogiMaster
776,2023-09-27,FH,449630,886297,Vitor,RápidoFrete
777,2023-11-19,VM,449631,886298,Rafael,RotaCerta
778,2023-02-25,FH,449632,886299,Andre,LogiMaster
779,2023-11-21,FH,449633,886300,Rafael,GlobalLog
780,2023-01-19,FH,449634,886301,Andre,LogiMaster
781,2024-06-02,FH,449635,886302,Rafael,RotaCerta
782,2023-12-26,FH,449636,886303,Jessica,FastFrete
783,2023-08-13,FMX,449637,886304,Rafael,RotaCerta
784,2023-10-20,VM,449638,886305,Vitor,EficientTrans
785,2023-03-04,FMX,449639,886306,Jessica,ViaCargo
786,2023-12-30,VM,449640,886307,Rafael,MaxiCarga
787,2023-04-03,FMX,449641,886308,Andre,LogiMaster
788,2023-03-03,VM,449642,886309,Andre,RápidoLog
789,2023-10-12,VM,449643,886310,Jessica,SuperCargas
790,2024-06-01,FH,449644,886311,Vitor,EficientTrans
791,2023-04-30,FH,449645,886312,Rafael,GlobalLog
792,2023-02-18,VM,449646,886313,Andre,LogiMaster
793,2023-12-19,FH,449647,886314,Vitor,EficientTrans
794,2023-11-18,VM,449648,886315,Rafael,ExpressoNet
795,2024-02-08,VM,449649,886316,Rafael,RotaCerta
796,2023-03-02,FH,449650,886317,Vitor,RápidoFrete
797,2024-05-23,FH,449651,886318,Vitor,EficientTrans
798,2023-09-11,FH,449652,886319,Rafael,RotaCerta
799,2024-03-15,FMX,449653,886320,Jessica,SuperCargas
800,2024-05-27,VM,449654,886321,Vitor,Velocitrans
801,2024-03-14,FH,449655,886322,Jessica,SuperCargas
802,2023-08-11,FMX,449656,886323,Vitor,Velocitrans
803,2024-04-21,VM,449657,886324,Jessica,ViaCargo
804,2024-06-19,VM,449658,886325,Rafael,GlobalLog
805,2023-04-10,VM,449659,886326,Rafael,GlobalLog
806,2023-07-07,FMX,449660,886327,Vitor,RápidoFrete
807,2023-10-20,VM,449661,886328,Vitor,RápidoFrete
808,2023-07-05,VM,449662,886329,Rafael,ExpressoNet
809,2024-04-27,FMX,449663,886330,Rafael,GlobalLog
810,2023-09-11,VM,449664,886331,Vitor,EficientTrans
811,2023-05-18,FMX,449665,886332,Jessica,FastFrete
812,2023-10-24,FH,449666,886333,Andre,RápidoLog
813,2023-12-11,FH,449667,886334,Rafael,ExpressoNet
814,2023-06-03,FH,449668,886335,Jessica,ViaCargo
815,2024-05-31,FH,449669,886336,Rafael,RotaCerta
816,2023-03-30,VM,449670,886337,Vitor,EficientTrans
817,2023-05-06,FMX,449671,886338,Vitor,EficientTrans
818,2024-06-08,FMX,449672,886339,Vitor,RápidoFrete
819,2023-10-15,FH,449673,886340,Andre,LogiMaster
820,2023-05-01,VM,449674,886341,Jessica,SuperCargas
821,2023-05-11,FMX,449675,886342,Andre,RápidoLog
822,2023-05-19,FMX,449676,886343,Andre,RápidoLog
823,2023-08-12,FMX,449677,886344,Andre,RápidoLog
824,2024-05-19,VM,449678,886345,Jessica,MoviFrete
825,2023-07-23,VM,449679,886346,Jessica,SuperCargas
826,2024-01-04,FMX,449680,886347,Jessica,MoviFrete
827,2023-03-17,FH,449681,886348,Andre,RápidoLog
828,2023-09-15,FH,449682,886349,Andre,LogiMaster
829,2023-02-06,FH,449683,886350,Rafael,MaxiCarga
830,2023-04-22,FH,449684,886351,Andre,LogiMaster
831,2023-10-03,VM,449685,886352,Jessica,FastFrete
832,2023-03-12,FH,449686,886353,Vitor,Velocitrans
833,2023-12-02,FH,449687,886354,Jessica,FastFrete
834,2023-01-18,FMX,449688,886355,Vitor,RápidoFrete
835,2023-12-10,FMX,449689,886356,Vitor,EficientTrans
836,2023-08-10,VM,449690,886357,Jessica,MoviFrete
837,2024-06-10,FH,449691,886358,Vitor,Velocitrans
838,2023-05-16,VM,449692,886359,Andre,LogiMaster
839,2023-10-03,FH,449693,886360,Rafael,ExpressoNet
840,2023-02-15,FH,449694,886361,Rafael,ExpressoNet
841,2023-02-22,VM,449695,886362,Jessica,MoviFrete
842,2024-01-22,VM,449696,886363,Vitor,EficientTrans
843,2024-06-16,VM,449697,886364,Andre,LogiMaster
844,2023-12-11,FMX,449698,886365,Rafael,MaxiCarga
845,2024-03-31,FH,449699,886366,Vitor,Velocitrans
846,2023-10-16,FH,449700,886367,Vitor,Velocitrans
847,2024-06-26,FH,449701,886368,Andre,RápidoLog
848,2024-01-14,FH,449702,886369,Andre,LogiMaster
849,2024-01-07,VM,449703,886370,Rafael,RotaCerta
850,2024-05-26,FMX,449704,886371,Rafael,GlobalLog
851,2023-08-24,VM,449705,886372,Jessica,MoviFrete
852,2023-02-04,FH,449706,886373,Jessica,FastFrete
853,2023-08-01,VM,449707,886374,Rafael,MaxiCarga
854,2023-04-06,FH,449708,886375,Vitor,Velocitrans
855,2023-10-03,FMX,449709,886376,Vitor,EficientTrans
856,2023-11-29,FH,449710,886377,Andre,RápidoLog
857,2023-06-06,VM,449711,886378,Andre,RápidoLog
858,2024-04-12,FMX,449712,886379,Andre,RápidoLog
859,2023-08-10,VM,449713,886380,Vitor,Velocitrans
860,2023-06-16,FH,449714,886381,Vitor,RápidoFrete
861,2023-05-05,FMX,449715,886382,Jessica,SuperCargas
862,2023-12-18,FMX,449716,886383,Andre,LogiMaster
863,2023-12-16,FH,449717,886384,Jessica,MoviFrete
864,2023-10-17,VM,449718,886385,Andre,RápidoLog
865,2023-07-02,VM,449719,886386,Jessica,FastFrete
866,2023-02-18,VM,449720,886387,Jessica,SuperCargas
867,2023-12-22,VM,449721,886388,Rafael,ExpressoNet
868,2024-02-22,VM,449722,886389,Rafael,MaxiCarga
869,2024-03-18,FH,449723,886390,Vitor,Velocitrans
870,2023-07-14,FMX,449724,886391,Jessica,SuperCargas
871,2024-05-02,VM,449725,886392,Rafael,MaxiCarga
872,2023-06-02,FH,449726,886393,Jessica,MoviFrete
873,2023-04-19,FMX,449727,886394,Rafael,GlobalLog
874,2023-11-19,FH,449728,886395,Vitor,Velocitrans
875,2023-01-07,FMX,449729,886396,Vitor,RápidoFrete
876,2023-07-05,FH,449730,886397,Rafael,ExpressoNet
877,2024-02-27,FMX,449731,886398,Rafael,MaxiCarga
878,2023-06-30,VM,449732,886399,Vitor,EficientTrans
879,2024-03-05,VM,449733,886400,Andre,LogiMaster
880,2024-06-10,FH,449734,886401,Vitor,EficientTrans
881,2023-03-29,VM,449735,886402,Vitor,EficientTrans
882,2023-07-12,VM,449736,886403,Vitor,EficientTrans
883,2024-06-02,FMX,449737,886404,Jessica,MoviFrete
884,2024-01-06,FH,449738,886405,Jessica,MoviFrete
885,2024-02-27,FH,449739,886406,Andre,LogiMaster
886,2023-03-27,VM,449740,886407,Jessica,MoviFrete
887,2023-08-09,VM,449741,886408,Rafael,MaxiCarga
888,2023-02-20,FMX,449742,886409,Rafael,RotaCerta
889,2023-10-02,FH,449743,886410,Andre,RápidoLog
890,2023-09-08,VM,449744,886411,Vitor,Velocitrans
891,2024-06-13,FH,449745,886412,Jessica,FastFrete
892,2023-12-27,FH,449746,886413,Jessica,ViaCargo
893,2023-03-09,FH,449747,886414,Rafael,RotaCerta
894,2023-11-28,FMX,449748,886415,Jessica,FastFrete
895,2023-03-15,VM,449749,886416,Rafael,RotaCerta
896,2023-07-08,FH,449750,886417,Vitor,RápidoFrete
897,2024-01-24,FMX,449751,886418,Vitor,RápidoFrete
898,2023-12-07,FH,449752,886419,Jessica,ViaCargo
899,2024-06-13,FH,449753,886420,Vitor,RápidoFrete
900,2023-01-02,FMX,449754,886421,Rafael,ExpressoNet
901,2024-04-28,VM,449755,886422,Rafael,RotaCerta
902,2023-06-20,FH,449756,886423,Andre,LogiMaster
903,2024-03-26,FMX,449757,886424,Vitor,Velocitrans
904,2023-04-03,FMX,449758,886425,Rafael,ExpressoNet
905,2023-12-06,VM,449759,886426,Vitor,EficientTrans
906,2023-09-28,VM,449760,886427,Vitor,RápidoFrete
907,2024-03-09,FMX,449761,886428,Andre,LogiMaster
908,2024-02-18,VM,449762,886429,Rafael,GlobalLog
909,2023-12-07,FH,449763,886430,Jessica,ViaCargo
910,2023-07-06,FH,449764,886431,Vitor,RápidoFrete
911,2023-07-13,FMX,449765,886432,Vitor,Velocitrans
912,2024-06-26,VM,449766,886433,Andre,RápidoLog
913,2023-05-19,FMX,449767,886434,Andre,LogiMaster
914,2024-06-24,FH,449768,886435,Vitor,EficientTrans
915,2023-10-03,FH,449769,886436,Rafael,GlobalLog
916,2023-03-12,FMX,449770,886437,Jessica,SuperCargas
917,2023-03-04,FH,449771,886438,Andre,RápidoLog
918,2024-01-30,FMX,449772,886439,Andre,RápidoLog
919,2023-01-08,FMX,449773,886440,Vitor,Velocitrans
920,2023-03-26,FH,449774,886441,Jessica,MoviFrete
921,2023-03-14,FH,449775,886442,Jessica,FastFrete
922,2024-03-29,VM,449776,886443,Andre,LogiMaster
923,2023-03-01,VM,449777,886444,Jessica,ViaCargo
924,2023-09-28,FMX,449778,886445,Andre,LogiMaster
925,2024-01-09,VM,449779,886446,Rafael,RotaCerta
926,2024-07-01,VM,449780,886447,Andre,LogiMaster
927,2023-08-21,FMX,449781,886448,Vitor,EficientTrans
928,2024-05-16,FMX,449782,886449,Vitor,EficientTrans
929,2023-04-29,VM,449783,886450,Andre,RápidoLog
930,2023-10-18,FH,449784,886451,Vitor,RápidoFrete
931,2024-03-07,FH,449785,886452,Vitor,RápidoFrete
932,2024-01-06,VM,449786,886453,Jessica,FastFrete
933,2023-05-13,VM,449787,886454,Vitor,EficientTrans
934,2024-02-28,FMX,449788,886455,Andre,LogiMaster
935,2024-04-29,FH,449789,886456,Jessica,SuperCargas
936,2023-04-08,FH,449790,886457,Rafael,GlobalLog
937,2024-06-18,FH,449791,886458,Rafael,RotaCerta
938,2023-03-30,VM,449792,886459,Rafael,MaxiCarga
939,2023-03-02,FMX,449793,886460,Jessica,MoviFrete
940,2023-09-11,FMX,449794,886461,Rafael,ExpressoNet
941,2024-03-27,FH,449795,886462,Andre,LogiMaster
942,2024-05-21,FMX,449796,886463,Rafael,ExpressoNet
943,2023-10-13,FH,449797,886464,Rafael,ExpressoNet
944,2023-02-26,VM,449798,886465,Jessica,FastFrete
945,2024-03-22,VM,449799,886466,Jessica,MoviFrete
946,2024-04-04,FH,449800,886467,Jessica,MoviFrete
947,2024-01-11,FMX,449801,886468,Jessica,FastFrete
948,2024-05-29,FMX,449802,886469,Andre,LogiMaster
949,2024-03-11,FH,449803,886470,Rafael,RotaCerta
950,2023-12-28,VM,449804,886471,Vitor,Velocitrans
951,2023-10-09,VM,449805,886472,Vitor,Velocitrans
952,2023-07-22,FH,449806,886473,Jessica,MoviFrete
953,2023-09-28,FH,449807,886474,Jessica,MoviFrete
954,2024-03-31,VM,449808,886475,Andre,LogiMaster
955,2023-12-06,FMX,449809,886476,Vitor,RápidoFrete
956,2024-01-12,VM,449810,886477,Andre,RápidoLog
957,2023-02-14,FH,449811,886478,Jessica,SuperCargas
958,2023-09-10,FH,449812,886479,Vitor,RápidoFrete
959,2023-07-06,FMX,449813,886480,Andre,LogiMaster
960,2023-09-15,VM,449814,886481,Vitor,EficientTrans
961,2023-06-16,FH,449815,886482,Rafael,RotaCerta
962,2024-02-13,FH,449816,886483,Vitor,Velocitrans
963,2023-04-12,FH,449817,886484,Rafael,RotaCerta
964,2023-04-02,VM,449818,886485,Jessica,FastFrete
965,2024-04-29,VM,449819,886486,Vitor,Velocitrans
966,2024-06-15,FMX,449820,886487,Andre,LogiMaster
967,2023-11-07,FMX,449821,886488,Vitor,RápidoFrete
968,2024-03-22,FMX,449822,886489,Jessica,ViaCargo
969,2023-05-31,FH,449823,886490,Vitor,RápidoFrete
970,2023-01-17,FMX,449824,886491,Jessica,MoviFrete
971,2023-05-11,FMX,449825,886492,Rafael,GlobalLog
972,2023-06-15,VM,449826,886493,Jessica,MoviFrete
973,2023-06-27,VM,449827,886494,Vitor,RápidoFrete
974,2024-03-04,FH,449828,886495,Vitor,Velocitrans
975,2024-04-16,FH,449829,886496,Andre,LogiMaster
976,2023-07-12,FMX,449830,886497,Rafael,ExpressoNet
977,2023-07-12,VM,449831,886498,Vitor,Velocitrans
978,2023-05-29,FH,449832,886499,Vitor,EficientTrans
979,2023-07-25,FMX,449833,886500,Vitor,Velocitrans
980,2024-03-25,FH,449834,886501,Vitor,RápidoFrete
981,2023-12-14,FMX,449835,886502,Jessica,SuperCargas
982,2023-07-02,VM,449836,886503,Andre,LogiMaster
983,2023-03-20,VM,449837,886504,Vitor,Velocitrans
984,2024-03-20,VM,449838,886505,Jessica,FastFrete
985,2024-02-11,FH,449839,886506,Jessica,MoviFrete
986,2023-09-27,FH,449840,886507,Andre,LogiMaster
987,2024-02-13,VM,449841,886508,Vitor,RápidoFrete
988,2023-06-17,VM,449842,886509,Rafael,RotaCerta
989,2024-06-27,VM,449843,886510,Vitor,RápidoFrete
990,2024-04-09,FH,449844,886511,Andre,LogiMaster
991,2023-12-30,FH,449845,886512,Rafael,MaxiCarga
992,2023-10-17,VM,449846,886513,Vitor,Velocitrans
993,2024-01-21,FMX,449847,886514,Jessica,SuperCargas
994,2024-01-25,FMX,449848,886515,Jessica,MoviFrete
995,2023-02-10,VM,449849,886516,Jessica,SuperCargas
996,2023-12-17,FH,449850,886517,Jessica,MoviFrete
997,2023-03-21,FH,449851,886518,Vitor,Velocitrans
998,2023-10-30,FMX,449852,886519,Jessica,SuperCargas
999,2023-10-05,FMX,449853,886520,Jessica,FastFrete
1000,2023-06-03,FMX,449854,886521,Jessica,MoviFrete
1001,2023-12-05,FMX,449855,886522,Jessica,FastFrete
1002,2024-02-21,VM,449856,886523,Andre,LogiMaster
1003,2023-10-05,VM,449857,886524,Jessica,ViaCargo
1004,2023-05-24,FH,449858,886525,Rafael,RotaCerta
1005,2023-10-18,FH,449859,886526,Rafael,MaxiCarga
1006,2023-10-10,FMX,449860,886527,Jessica,MoviFrete
1007,2024-04-29,VM,449861,886528,Jessica,MoviFrete
1008,2023-01-24,FH,449862,886529,Jessica,FastFrete
1009,2024-06-21,FMX,449863,886530,Jessica,SuperCargas
1010,2024-06-07,FH,449864,886531,Rafael,ExpressoNet
1011,2024-05-02,FH,449865,886532,Vitor,EficientTrans
1012,2023-02-19,FH,449866,886533,Rafael,MaxiCarga
1013,2024-02-04,VM,449867,886534,Rafael,MaxiCarga
1014,2023-07-06,VM,449868,886535,Jessica,MoviFrete
1015,2023-01-25,FMX,449869,886536,Jessica,MoviFrete
1016,2023-01-23,VM,449870,886537,Andre,LogiMaster
1017,2023-11-03,VM,449871,886538,Rafael,RotaCerta
1018,2023-04-12,FH,449872,886539,Rafael,GlobalLog
1019,2024-02-01,FH,449873,886540,Vitor,EficientTrans
1020,2023-05-27,VM,449874,886541,Jessica,MoviFrete
1021,2024-01-17,FMX,449875,886542,Rafael,RotaCerta
1022,2023-07-16,VM,449876,886543,Vitor,Velocitrans
1023,2023-02-15,VM,449877,886544,Andre,LogiMaster
1024,2023-11-25,FH,449878,886545,Andre,RápidoLog
1025,2023-12-09,FH,449879,886546,Vitor,EficientTrans
1026,2023-07-16,FH,449880,886547,Andre,RápidoLog
1027,2023-08-26,FMX,449881,886548,Rafael,MaxiCarga
1028,2024-01-19,VM,449882,886549,Rafael,ExpressoNet
1029,2023-06-30,VM,449883,886550,Rafael,MaxiCarga
1030,2023-03-23,FH,449884,886551,Andre,RápidoLog
1031,2023-09-01,FH,449885,886552,Rafael,GlobalLog
1032,2024-05-31,FMX,449886,886553,Jessica,MoviFrete
1033,2023-04-30,VM,449887,886554,Andre,LogiMaster
1034,2024-05-16,FH,449888,886555,Jessica,MoviFrete
1035,2023-01-18,FH,449889,886556,Rafael,GlobalLog
1036,2023-01-30,FMX,449890,886557,Jessica,SuperCargas
1037,2023-01-05,FH,449891,886558,Rafael,MaxiCarga
1038,2023-09-03,FMX,449892,886559,Andre,LogiMaster
1039,2024-04-21,VM,449893,886560,Vitor,EficientTrans
1040,2023-09-19,FMX,449894,886561,Jessica,SuperCargas
1041,2023-07-16,VM,449895,886562,Rafael,GlobalLog
1042,2024-04-24,VM,449896,886563,Rafael,GlobalLog
1043,2023-02-09,FH,449897,886564,Andre,RápidoLog
1044,2023-05-22,FMX,449898,886565,Rafael,ExpressoNet
1045,2023-12-13,FMX,449899,886566,Rafael,RotaCerta
1046,2023-04-06,VM,449900,886567,Vitor,RápidoFrete
1047,2023-07-31,FMX,449901,886568,Vitor,EficientTrans
1048,2023-06-27,FMX,449902,886569,Jessica,FastFrete
1049,2023-06-13,FH,449903,886570,Jessica,MoviFrete
1050,2023-12-24,VM,449904,886571,Vitor,Velocitrans
1051,2024-03-16,FMX,449905,886572,Jessica,SuperCargas
1052,2023-09-03,FMX,449906,886573,Jessica,SuperCargas
1053,2023-03-03,FMX,449907,886574,Andre,LogiMaster
1054,2023-04-03,VM,449908,886575,Andre,LogiMaster
1055,2024-05-20,VM,449909,886576,Jessica,MoviFrete
1056,2023-08-03,VM,449910,886577,Vitor,RápidoFrete
1057,2024-06-28,VM,449911,886578,Vitor,Velocitrans
1058,2023-12-20,FH,449912,886579,Jessica,FastFrete
1059,2024-05-24,FMX,449913,886580,Vitor,RápidoFrete
1060,2023-06-16,FH,449914,886581,Rafael,ExpressoNet
1061,2024-01-23,VM,449915,886582,Vitor,RápidoFrete
1062,2023-09-07,VM,449916,886583,Andre,RápidoLog
1063,2023-10-07,VM,449917,886584,Vitor,RápidoFrete
1064,2023-10-24,VM,449918,886585,Andre,RápidoLog
1065,2024-01-18,VM,449919,886586,Vitor,RápidoFrete
1066,2023-09-30,VM,449920,886587,Vitor,Velocitrans
1067,2023-08-22,VM,449921,886588,Rafael,GlobalLog
1068,2023-07-06,FMX,449922,886589,Vitor,Velocitrans
1069,2023-06-23,FMX,449923,886590,Vitor,EficientTrans
1070,2023-07-21,VM,449924,886591,Vitor,RápidoFrete
1071,2023-02-02,FMX,449925,886592,Jessica,ViaCargo
1072,2023-01-23,VM,449926,886593,Jessica,ViaCargo
1073,2023-03-03,FMX,449927,886594,Jessica,FastFrete
1074,2023-03-23,FMX,449928,886595,Rafael,MaxiCarga
1075,2024-06-22,FMX,449929,886596,Andre,LogiMaster
1076,2023-07-25,VM,449930,886597,Jessica,SuperCargas
1077,2024-01-04,FH,449931,886598,Vitor,Velocitrans
1078,2024-06-29,FH,449932,886599,Jessica,ViaCargo
1079,2023-04-05,FMX,449933,886600,Rafael,MaxiCarga
1080,2023-02-26,VM,449934,886601,Jessica,MoviFrete
1081,2023-05-30,FH,449935,886602,Vitor,EficientTrans
1082,2023-11-14,VM,449936,886603,Jessica,MoviFrete
1083,2023-01-13,FMX,449937,886604,Vitor,EficientTrans
1084,2023-08-18,VM,449938,886605,Vitor,Velocitrans
1085,2023-10-21,FH,449939,886606,Vitor,Velocitrans
1086,2023-08-20,FMX,449940,886607,Andre,RápidoLog
1087,2023-12-02,FMX,449941,886608,Jessica,FastFrete
1088,2023-10-11,FH,449942,886609,Andre,LogiMaster
1089,2024-06-09,VM,449943,886610,Rafael,RotaCerta
1090,2023-07-31,FH,449944,886611,Rafael,GlobalLog
1091,2024-05-01,FMX,449945,886612,Vitor,RápidoFrete
1092,2023-04-08,VM,449946,886613,Jessica,SuperCargas
1093,2023-07-31,FH,449947,886614,Rafael,MaxiCarga
1094,2023-12-24,VM,449948,886615,Jessica,SuperCargas
1095,2024-02-20,VM,449949,886616,Vitor,Velocitrans
1096,2023-04-05,FH,449950,886617,Vitor,RápidoFrete
1097,2023-12-11,FMX,449951,886618,Vitor,EficientTrans
1098,2023-07-04,VM,449952,886619,Jessica,FastFrete
1099,2024-04-27,VM,449953,886620,Rafael,MaxiCarga
1100,2024-01-17,FH,449954,886621,Rafael,ExpressoNet
1101,2023-12-31,FH,449955,886622,Rafael,RotaCerta
1102,2024-02-19,FMX,449956,886623,Vitor,Velocitrans
1103,2023-04-30,FMX,449957,886624,Vitor,EficientTrans
1104,2024-04-14,FH,449958,886625,Jessica,SuperCargas
1105,2023-03-12,VM,449959,886626,Andre,RápidoLog
1106,2023-08-15,FMX,449960,886627,Rafael,GlobalLog
1107,2023-10-31,FH,449961,886628,Jessica,SuperCargas
1108,2023-09-20,FMX,449962,886629,Vitor,EficientTrans
1109,2023-01-05,VM,449963,886630,Rafael,MaxiCarga
1110,2023-05-27,FH,449964,886631,Andre,RápidoLog
1111,2023-02-16,FH,449965,886632,Andre,LogiMaster
1112,2023-12-01,VM,449966,886633,Rafael,MaxiCarga
1113,2023-07-06,VM,449967,886634,Jessica,MoviFrete
1114,2023-11-01,VM,449968,886635,Rafael,MaxiCarga
1115,2023-06-29,FMX,449969,886636,Vitor,Velocitrans
1116,2023-10-22,VM,449970,886637,Vitor,Velocitrans
1117,2023-05-11,FH,449971,886638,Jessica,SuperCargas
1118,2023-11-10,VM,449972,886639,Rafael,GlobalLog
1119,2024-01-10,VM,449973,886640,Rafael,MaxiCarga
1120,2024-05-26,FMX,449974,886641,Vitor,RápidoFrete
1121,2023-08-03,VM,449975,886642,Andre,RápidoLog
1122,2024-05-07,FMX,449976,886643,Jessica,SuperCargas
1123,2023-07-17,FH,449977,886644,Vitor,RápidoFrete
1124,2024-02-25,FMX,449978,886645,Andre,LogiMaster
1125,2023-11-14,FMX,449979,886646,Jessica,MoviFrete
1126,2023-11-18,FH,449980,886647,Jessica,MoviFrete
1127,2023-05-23,VM,449981,886648,Jessica,FastFrete
1128,2023-12-11,VM,449982,886649,Vitor,Velocitrans
1129,2024-03-16,VM,449983,886650,Vitor,EficientTrans
1130,2023-07-17,FH,449984,886651,Jessica,MoviFrete
1131,2023-02-11,FH,449985,886652,Jessica,FastFrete
1132,2023-07-09,FMX,449986,886653,Vitor,RápidoFrete
1133,2023-06-06,FH,449987,886654,Jessica,MoviFrete
1134,2024-06-09,VM,449988,886655,Jessica,MoviFrete
1135,2023-03-13,VM,449989,886656,Rafael,ExpressoNet
1136,2024-05-13,VM,449990,886657,Rafael,GlobalLog
1137,2023-07-01,FMX,449991,886658,Jessica,ViaCargo
1138,2024-02-06,FH,449992,886659,Vitor,EficientTrans
1139,2024-05-12,VM,449993,886660,Jessica,SuperCargas
1140,2024-03-05,VM,449994,886661,Jessica,FastFrete
1141,2023-06-13,FMX,449995,886662,Jessica,SuperCargas
1142,2024-03-31,FMX,449996,886663,Jessica,MoviFrete
1143,2024-05-03,FMX,449997,886664,Andre,RápidoLog
1144,2023-09-29,FMX,449998,886665,Andre,RápidoLog
1145,2023-08-04,FH,449999,886666,Rafael,ExpressoNet
1146,2023-08-06,FH,450000,886667,Jessica,MoviFrete
1147,2024-01-04,FH,450001,886668,Andre,RápidoLog
1148,2023-02-08,VM,450002,886669,Rafael,GlobalLog
1149,2023-10-31,FH,450003,886670,Jessica,ViaCargo
1150,2024-01-13,FH,450004,886671,Jessica,MoviFrete
1151,2023-02-25,FH,450005,886672,Andre,LogiMaster
1152,2023-02-18,FMX,450006,886673,Rafael,RotaCerta
1153,2023-01-20,FMX,450007,886674,Vitor,RápidoFrete
1154,2023-05-03,VM,450008,886675,Vitor,EficientTrans
1155,2024-04-22,FH,450009,886676,Vitor,EficientTrans
1156,2024-04-17,FH,450010,886677,Andre,LogiMaster
1157,2024-02-13,FH,450011,886678,Vitor,Velocitrans
1158,2023-07-24,VM,450012,886679,Vitor,RápidoFrete
1159,2023-10-17,FMX,450013,886680,Rafael,GlobalLog
1160,2023-02-24,FH,450014,886681,Rafael,ExpressoNet
1161,2023-07-15,FH,450015,886682,Rafael,ExpressoNet
1162,2023-04-11,FMX,450016,886683,Rafael,RotaCerta
1163,2023-04-17,FH,450017,886684,Vitor,RápidoFrete
1164,2023-03-03,VM,450018,886685,Andre,LogiMaster
1165,2024-04-07,FH,450019,886686,Vitor,RápidoFrete
1166,2023-02-13,VM,450020,886687,Rafael,GlobalLog
1167,2023-11-17,VM,450021,886688,Andre,LogiMaster
1168,2023-11-05,FMX,450022,886689,Vitor,RápidoFrete
1169,2024-01-14,FMX,450023,886690,Jessica,FastFrete
1170,2023-09-10,VM,450024,886691,Rafael,GlobalLog
1171,2024-01-31,FMX,450025,886692,Andre,LogiMaster
1172,2023-03-16,FH,450026,886693,Rafael,RotaCerta
1173,2023-10-20,FMX,450027,886694,Jessica,ViaCargo
1174,2023-12-23,FH,450028,886695,Vitor,RápidoFrete
1175,2023-10-23,VM,450029,886696,Vitor,RápidoFrete
1176,2024-05-29,FH,450030,886697,Vitor,EficientTrans
1177,2023-01-29,FMX,450031,886698,Vitor,Velocitrans
1178,2023-09-01,FH,450032,886699,Vitor,RápidoFrete
1179,2024-06-27,FH,450033,886700,Andre,LogiMaster
1180,2023-05-23,FH,450034,886701,Jessica,MoviFrete
1181,2024-02-01,FMX,450035,886702,Jessica,SuperCargas
1182,2023-02-19,FH,450036,886703,Vitor,EficientTrans
1183,2023-02-07,VM,450037,886704,Rafael,MaxiCarga
1184,2023-05-21,FH,450038,886705,Vitor,Velocitrans
1185,2023-12-20,FH,450039,886706,Jessica,FastFrete
1186,2023-02-14,VM,450040,886707,Andre,LogiMaster
1187,2023-02-12,FMX,450041,886708,Vitor,Velocitrans
1188,2023-10-20,FH,450042,886709,Andre,LogiMaster
1189,2024-03-06,FMX,450043,886710,Rafael,RotaCerta
1190,2023-02-07,FMX,450044,886711,Andre,LogiMaster
1191,2023-11-22,VM,450045,886712,Jessica,SuperCargas
1192,2024-01-17,VM,450046,886713,Jessica,FastFrete
1193,2023-05-15,VM,450047,886714,Vitor,RápidoFrete
1194,2024-06-27,FMX,450048,886715,Rafael,MaxiCarga
1195,2023-08-02,FH,450049,886716,Andre,RápidoLog
1196,2023-03-14,FH,450050,886717,Andre,LogiMaster
1197,2023-01-03,FMX,450051,886718,Jessica,FastFrete
1198,2023-01-25,FMX,450052,886719,Rafael,GlobalLog
1199,2023-01-23,FMX,450053,886720,Rafael,RotaCerta
1200,2024-01-09,FMX,450054,886721,Jessica,MoviFrete
1201,2023-03-01,FMX,450055,886722,Vitor,EficientTrans
1202,2024-05-26,FMX,450056,886723,Rafael,MaxiCarga
1203,2024-06-16,FH,450057,886724,Andre,RápidoLog
1204,2023-04-09,FMX,450058,886725,Vitor,Velocitrans
1205,2023-07-02,FMX,450059,886726,Andre,RápidoLog
1206,2023-10-19,FH,450060,886727,Jessica,MoviFrete
1207,2024-02-21,VM,450061,886728,Andre,RápidoLog
1208,2023-04-15,FMX,450062,886729,Andre,LogiMaster
1209,2023-05-24,FH,450063,886730,Vitor,Velocitrans
1210,2023-04-02,FH,450064,886731,Jessica,MoviFrete
1211,2023-03-09,FMX,450065,886732,Jessica,SuperCargas
1212,2024-01-22,VM,450066,886733,Jessica,ViaCargo
1213,2023-11-17,FMX,450067,886734,Jessica,FastFrete
1214,2023-01-05,VM,450068,886735,Andre,LogiMaster
1215,2023-08-16,FH,450069,886736,Jessica,FastFrete
1216,2023-01-15,FMX,450070,886737,Vitor,EficientTrans
1217,2023-06-06,VM,450071,886738,Vitor,RápidoFrete
1218,2023-07-20,FMX,450072,886739,Jessica,SuperCargas
1219,2023-11-18,VM,450073,886740,Vitor,RápidoFrete
1220,2023-06-07,FMX,450074,886741,Rafael,GlobalLog
1221,2023-07-14,FH,450075,886742,Andre,RápidoLog
1222,2024-01-13,VM,450076,886743,Rafael,RotaCerta
1223,2024-01-02,VM,450077,886744,Jessica,SuperCargas
1224,2024-04-01,FH,450078,886745,Vitor,Velocitrans
1225,2023-10-29,VM,450079,886746,Jessica,MoviFrete
1226,2023-07-14,FH,450080,886747,Vitor,RápidoFrete
1227,2023-12-15,VM,450081,886748,Jessica,ViaCargo
1228,2023-08-23,FMX,450082,886749,Jessica,ViaCargo
1229,2023-04-30,FH,450083,886750,Vitor,EficientTrans
1230,2023-08-18,FH,450084,886751,Vitor,EficientTrans
1231,2023-01-20,VM,450085,886752,Vitor,EficientTrans
1232,2023-04-23,VM,450086,886753,Rafael,MaxiCarga
1233,2024-06-17,FMX,450087,886754,Rafael,ExpressoNet
1234,2023-04-01,FH,450088,886755,Rafael,RotaCerta
1235,2023-02-03,FH,450089,886756,Jessica,SuperCargas
1236,2023-10-25,VM,450090,886757,Rafael,RotaCerta
1237,2023-06-22,FH,450091,886758,Vitor,RápidoFrete
1238,2023-02-05,FH,450092,886759,Rafael,ExpressoNet
1239,2023-06-10,VM,450093,886760,Andre,LogiMaster
1240,2023-04-01,FH,450094,886761,Andre,LogiMaster
1241,2023-01-18,FMX,450095,886762,Vitor,RápidoFrete
1242,2024-05-22,VM,450096,886763,Andre,RápidoLog
1243,2023-09-22,VM,450097,886764,Andre,LogiMaster
1244,2023-01-22,VM,450098,886765,Jessica,SuperCargas
1245,2023-07-12,FH,450099,886766,Jessica,ViaCargo
1246,2023-05-28,FH,450100,886767,Vitor,RápidoFrete
1247,2024-04-25,FH,450101,886768,Rafael,MaxiCarga
1248,2023-06-25,VM,450102,886769,Vitor,Velocitrans
1249,2023-10-01,FH,450103,886770,Vitor,EficientTrans
1250,2023-09-12,VM,450104,886771,Rafael,ExpressoNet
1251,2023-08-07,FMX,450105,886772,Andre,RápidoLog
1252,2023-03-19,FMX,450106,886773,Vitor,Velocitrans
1253,2023-05-26,VM,450107,886774,Jessica,SuperCargas
1254,2023-09-19,FH,450108,886775,Jessica,SuperCargas
1255,2023-01-15,FMX,450109,886776,Vitor,RápidoFrete
1256,2023-12-01,VM,450110,886777,Vitor,RápidoFrete
1257,2024-02-08,FH,450111,886778,Rafael,RotaCerta
1258,2023-06-24,FMX,450112,886779,Vitor,RápidoFrete
1259,2023-02-16,FMX,450113,886780,Vitor,Velocitrans
1260,2024-02-22,FMX,450114,886781,Andre,LogiMaster
1261,2023-06-14,FMX,450115,886782,Rafael,GlobalLog
1262,2024-02-04,VM,450116,886783,Vitor,EficientTrans
1263,2024-03-12,FMX,450117,886784,Jessica,MoviFrete
1264,2023-06-01,FH,450118,886785,Jessica,MoviFrete
1265,2023-11-08,FMX,450119,886786,Jessica,MoviFrete
1266,2024-06-07,FMX,450120,886787,Andre,RápidoLog
1267,2024-06-16,FMX,450121,886788,Jessica,MoviFrete
1268,2023-06-22,FMX,450122,886789,Andre,LogiMaster
1269,2023-01-13,FMX,450123,886790,Vitor,RápidoFrete
1270,2024-03-27,VM,450124,886791,Jessica,ViaCargo
1271,2023-03-27,VM,450125,886792,Andre,LogiMaster
1272,2023-05-25,FMX,450126,886793,Vitor,RápidoFrete
1273,2024-03-11,VM,450127,886794,Vitor,Velocitrans
1274,2024-02-04,FH,450128,886795,Jessica,FastFrete
1275,2023-10-06,FH,450129,886796,Vitor,Velocitrans
1276,2023-05-11,VM,450130,886797,Andre,LogiMaster
1277,2024-05-08,FH,450131,886798,Rafael,GlobalLog
1278,2024-06-23,FMX,450132,886799,Rafael,RotaCerta
1279,2023-12-11,FMX,450133,886800,Rafael,MaxiCarga
1280,2024-06-30,VM,450134,886801,Vitor,EficientTrans
1281,2023-07-25,FH,450135,886802,Rafael,GlobalLog
1282,2023-08-16,FMX,450136,886803,Andre,LogiMaster
1283,2023-10-30,VM,450137,886804,Vitor,RápidoFrete
1284,2023-11-21,VM,450138,886805,Jessica,SuperCargas
1285,2023-07-16,VM,450139,886806,Andre,LogiMaster
1286,2023-04-19,FMX,450140,886807,Vitor,EficientTrans
1287,2023-06-18,FMX,450141,886808,Vitor,EficientTrans
1288,2023-08-06,FH,450142,886809,Vitor,RápidoFrete
1289,2023-05-10,FMX,450143,886810,Vitor,EficientTrans
1290,2023-11-04,VM,450144,886811,Vitor,EficientTrans
1291,2024-05-02,FMX,450145,886812,Jessica,MoviFrete
1292,2023-04-04,FMX,450146,886813,Andre,RápidoLog
1293,2023-07-24,FH,450147,886814,Rafael,ExpressoNet
1294,2023-10-23,VM,450148,886815,Andre,LogiMaster
1295,2023-09-06,FH,450149,886816,Jessica,MoviFrete
1296,2023-11-02,VM,450150,886817,Vitor,RápidoFrete
1297,2024-04-16,VM,450151,886818,Jessica,SuperCargas
1298,2023-08-28,FH,450152,886819,Andre,LogiMaster
1299,2023-12-07,FH,450153,886820,Vitor,Velocitrans
1300,2023-08-28,FMX,450154,886821,Andre,LogiMaster
1301,2023-12-22,VM,450155,886822,Rafael,GlobalLog
1302,2023-09-12,FH,450156,886823,Rafael,ExpressoNet
1303,2023-09-24,VM,450157,886824,Andre,LogiMaster
1304,2024-02-02,FMX,450158,886825,Rafael,MaxiCarga
1305,2023-05-11,FH,450159,886826,Vitor,RápidoFrete
1306,2023-11-27,VM,450160,886827,Jessica,MoviFrete
1307,2024-05-03,FMX,450161,886828,Rafael,GlobalLog
1308,2023-05-25,FH,450162,886829,Vitor,RápidoFrete
1309,2023-06-25,FH,450163,886830,Andre,LogiMaster
1310,2023-10-06,VM,450164,886831,Jessica,SuperCargas
1311,2023-08-25,FH,450165,886832,Rafael,GlobalLog
1312,2024-01-21,VM,450166,886833,Andre,RápidoLog
1313,2024-06-08,FH,450167,886834,Andre,LogiMaster
1314,2023-11-30,FMX,450168,886835,Andre,LogiMaster
1315,2023-01-18,VM,450169,886836,Andre,LogiMaster
1316,2023-10-14,VM,450170,886837,Vitor,EficientTrans
1317,2023-07-05,FMX,450171,886838,Vitor,RápidoFrete
1318,2023-04-26,FMX,450172,886839,Andre,LogiMaster
1319,2024-01-01,FH,450173,886840,Jessica,SuperCargas
1320,2023-02-11,FH,450174,886841,Rafael,GlobalLog
1321,2023-08-03,VM,450175,886842,Rafael,GlobalLog
1322,2023-09-04,FMX,450176,886843,Rafael,RotaCerta
1323,2023-09-14,VM,450177,886844,Andre,RápidoLog
1324,2023-08-23,FMX,450178,886845,Andre,LogiMaster
1325,2023-04-15,VM,450179,886846,Rafael,RotaCerta
1326,2024-02-27,FH,450180,886847,Vitor,Velocitrans
1327,2023-10-27,FH,450181,886848,Jessica,FastFrete
1328,2023-07-27,FH,450182,886849,Jessica,MoviFrete
1329,2024-06-21,FH,450183,886850,Jessica,SuperCargas
1330,2023-09-15,FMX,450184,886851,Vitor,RápidoFrete
1331,2023-10-01,FMX,450185,886852,Vitor,Velocitrans
1332,2023-09-14,FH,450186,886853,Rafael,MaxiCarga
1333,2023-09-09,VM,450187,886854,Jessica,MoviFrete
1334,2023-02-13,VM,450188,886855,Rafael,ExpressoNet
1335,2023-01-30,FH,450189,886856,Andre,LogiMaster
1336,2024-02-02,VM,450190,886857,Jessica,ViaCargo
1337,2024-02-22,FH,450191,886858,Vitor,EficientTrans
1338,2023-03-09,VM,450192,886859,Vitor,Velocitrans
1339,2023-03-02,FH,450193,886860,Jessica,MoviFrete
1340,2023-04-15,VM,450194,886861,Vitor,EficientTrans
1341,2023-06-08,FH,450195,886862,Vitor,RápidoFrete
1342,2023-09-21,FH,450196,886863,Andre,RápidoLog
1343,2023-11-23,VM,450197,886864,Andre,LogiMaster
1344,2023-04-12,VM,450198,886865,Jessica,MoviFrete
1345,2023-09-09,FH,450199,886866,Vitor,RápidoFrete
1346,2023-08-02,VM,450200,886867,Jessica,MoviFrete
1347,2023-10-20,VM,450201,886868,Vitor,EficientTrans
1348,2023-09-20,VM,450202,886869,Vitor,EficientTrans
1349,2024-04-16,VM,450203,886870,Vitor,Velocitrans
1350,2024-02-19,FMX,450204,886871,Andre,LogiMaster
1351,2024-03-01,VM,450205,886872,Vitor,RápidoFrete
1352,2023-02-28,VM,450206,886873,Jessica,SuperCargas
1353,2023-04-23,FH,450207,886874,Vitor,Velocitrans
1354,2023-04-22,FH,450208,886875,Jessica,FastFrete
1355,2024-04-14,FMX,450209,886876,Vitor,EficientTrans
1356,2024-01-27,FMX,450210,886877,Andre,LogiMaster
1357,2023-05-14,FH,450211,886878,Rafael,MaxiCarga
1358,2024-04-09,FH,450212,886879,Andre,RápidoLog
1359,2024-03-18,FH,450213,886880,Vitor,EficientTrans
1360,2024-03-30,VM,450214,886881,Vitor,EficientTrans
1361,2023-05-28,FMX,450215,886882,Andre,RápidoLog
1362,2024-03-14,FMX,450216,886883,Jessica,SuperCargas
1363,2023-08-09,FMX,450217,886884,Vitor,EficientTrans
1364,2023-08-25,FMX,450218,886885,Andre,LogiMaster
1365,2024-03-06,VM,450219,886886,Andre,LogiMaster
1366,2024-06-05,FMX,450220,886887,Jessica,SuperCargas
1367,2024-05-12,FMX,450221,886888,Vitor,RápidoFrete
1368,2023-10-04,VM,450222,886889,Rafael,GlobalLog
1369,2024-03-29,FMX,450223,886890,Vitor,Velocitrans
1370,2023-02-03,FH,450224,886891,Vitor,RápidoFrete
1371,2023-10-12,FH,450225,886892,Vitor,RápidoFrete
1372,2024-03-23,FH,450226,886893,Andre,RápidoLog
1373,2024-06-04,FH,450227,886894,Jessica,MoviFrete
1374,2023-01-22,VM,450228,886895,Vitor,RápidoFrete
1375,2023-04-10,FH,450229,886896,Jessica,SuperCargas
1376,2023-11-13,FMX,450230,886897,Andre,RápidoLog
1377,2024-04-23,FMX,450231,886898,Andre,RápidoLog
1378,2023-07-20,FH,450232,886899,Andre,LogiMaster
1379,2023-01-11,FMX,450233,886900,Vitor,RápidoFrete
1380,2023-05-07,FH,450234,886901,Jessica,ViaCargo
1381,2023-07-27,FMX,450235,886902,Rafael,GlobalLog
1382,2023-08-09,VM,450236,886903,Rafael,GlobalLog
1383,2024-02-14,VM,450237,886904,Jessica,MoviFrete
1384,2024-04-30,FMX,450238,886905,Rafael,ExpressoNet
1385,2023-08-23,FH,450239,886906,Vitor,Velocitrans
1386,2023-09-23,FMX,450240,886907,Rafael,ExpressoNet
1387,2023-09-12,FH,450241,886908,Rafael,RotaCerta
1388,2024-01-13,VM,450242,886909,Rafael,ExpressoNet
1389,2024-04-14,VM,450243,886910,Vitor,EficientTrans
1390,2024-02-15,VM,450244,886911,Andre,LogiMaster
1391,2023-09-02,VM,450245,886912,Rafael,ExpressoNet
1392,2023-10-29,FH,450246,886913,Jessica,SuperCargas
1393,2023-01-22,FMX,450247,886914,Jessica,SuperCargas
1394,2023-03-14,FMX,450248,886915,Vitor,RápidoFrete
1395,2024-02-24,VM,450249,886916,Andre,LogiMaster
1396,2023-07-20,VM,450250,886917,Vitor,Velocitrans
1397,2024-02-13,FMX,450251,886918,Vitor,EficientTrans
1398,2023-03-09,FH,450252,886919,Jessica,MoviFrete
1399,2024-06-20,VM,450253,886920,Rafael,RotaCerta
1400,2023-07-14,VM,450254,886921,Vitor,Velocitrans
1401,2023-11-25,FH,450255,886922,Jessica,SuperCargas
1402,2023-10-02,FMX,450256,886923,Jessica,MoviFrete
1403,2024-04-02,FMX,450257,886924,Jessica,FastFrete
1404,2024-05-06,FH,450258,886925,Vitor,Velocitrans
1405,2023-11-20,FH,450259,886926,Andre,RápidoLog
1406,2023-03-11,FMX,450260,886927,Jessica,MoviFrete
1407,2023-01-05,FMX,450261,886928,Vitor,Velocitrans
1408,2024-04-11,FMX,450262,886929,Vitor,Velocitrans
1409,2023-12-23,FH,450263,886930,Jessica,ViaCargo
1410,2024-03-26,FMX,450264,886931,Andre,LogiMaster
1411,2023-02-07,VM,450265,886932,Jessica,ViaCargo
1412,2023-05-22,FMX,450266,886933,Vitor,RápidoFrete
1413,2023-12-11,VM,450267,886934,Jessica,ViaCargo
1414,2023-01-05,VM,450268,886935,Vitor,RápidoFrete
1415,2023-02-11,FH,450269,886936,Vitor,EficientTrans
1416,2024-05-28,FH,450270,886937,Andre,LogiMaster
1417,2024-02-26,FH,450271,886938,Vitor,EficientTrans
1418,2023-07-07,FH,450272,886939,Vitor,RápidoFrete
1419,2024-04-05,FH,450273,886940,Andre,LogiMaster
1420,2023-08-16,VM,450274,886941,Vitor,RápidoFrete
1421,2023-10-10,FH,450275,886942,Jessica,SuperCargas
1422,2024-03-13,FMX,450276,886943,Rafael,MaxiCarga
1423,2023-11-18,FMX,450277,886944,Rafael,ExpressoNet
1424,2023-01-12,VM,450278,886945,Andre,LogiMaster
1425,2023-09-22,FH,450279,886946,Jessica,FastFrete
1426,2023-11-20,FMX,450280,886947,Vitor,Velocitrans
1427,2023-10-20,FMX,450281,886948,Andre,LogiMaster
1428,2023-03-28,FMX,450282,886949,Vitor,EficientTrans
1429,2024-05-10,VM,450283,886950,Vitor,Velocitrans
1430,2024-05-05,FMX,450284,886951,Rafael,GlobalLog
1431,2023-07-10,FMX,450285,886952,Jessica,SuperCargas
1432,2023-12-07,VM,450286,886953,Jessica,SuperCargas
1433,2023-04-16,VM,450287,886954,Rafael,GlobalLog
1434,2024-05-28,FMX,450288,886955,Vitor,Velocitrans
1435,2023-03-06,VM,450289,886956,Jessica,SuperCargas
1436,2024-03-17,VM,450290,886957,Rafael,ExpressoNet
1437,2023-09-25,VM,450291,886958,Vitor,Velocitrans
1438,2023-05-07,FMX,450292,886959,Jessica,MoviFrete
1439,2023-03-31,FMX,450293,886960,Rafael,GlobalLog
1440,2024-04-17,FMX,450294,886961,Jessica,MoviFrete
1441,2024-02-29,VM,450295,886962,Vitor,EficientTrans
1442,2023-05-29,FMX,450296,886963,Rafael,GlobalLog
1443,2023-08-12,FH,450297,886964,Andre,RápidoLog
1444,2024-03-05,FMX,450298,886965,Rafael,GlobalLog
1445,2023-12-25,FMX,450299,886966,Vitor,RápidoFrete
1446,2023-06-19,FH,450300,886967,Vitor,Velocitrans
1447,2024-04-15,VM,450301,886968,Andre,LogiMaster
1448,2023-03-24,VM,450302,886969,Vitor,Velocitrans
1449,2023-02-28,VM,450303,886970,Jessica,FastFrete
1450,2024-02-14,FH,450304,886971,Jessica,MoviFrete
1451,2023-08-15,FH,450305,886972,Jessica,MoviFrete
1452,2023-11-19,FMX,450306,886973,Jessica,SuperCargas
1453,2024-04-26,FMX,450307,886974,Rafael,GlobalLog
1454,2023-10-21,FH,450308,886975,Vitor,EficientTrans
1455,2024-06-08,VM,450309,886976,Vitor,Velocitrans
1456,2024-03-16,FH,450310,886977,Vitor,Velocitrans
1457,2023-06-18,FMX,450311,886978,Jessica,FastFrete
1458,2023-09-01,VM,450312,886979,Rafael,GlobalLog
1459,2023-09-16,FH,450313,886980,Vitor,Velocitrans
1460,2023-05-02,FH,450314,886981,Jessica,ViaCargo
1461,2024-04-20,FMX,450315,886982,Rafael,MaxiCarga
1462,2024-01-21,FMX,450316,886983,Vitor,EficientTrans
1463,2023-06-29,FH,450317,886984,Andre,LogiMaster
1464,2023-07-19,FMX,450318,886985,Vitor,Velocitrans
1465,2023-06-13,FMX,450319,886986,Vitor,EficientTrans
1466,2024-03-24,FH,450320,886987,Andre,LogiMaster
1467,2024-03-29,FMX,450321,886988,Rafael,MaxiCarga
1468,2024-05-16,VM,450322,886989,Rafael,MaxiCarga
1469,2024-03-15,VM,450323,886990,Vitor,RápidoFrete
1470,2023-12-13,FMX,450324,886991,Andre,LogiMaster
1471,2024-02-19,VM,450325,886992,Jessica,SuperCargas
1472,2024-01-20,FMX,450326,886993,Jessica,FastFrete
1473,2023-04-27,FMX,450327,886994,Vitor,RápidoFrete
1474,2023-10-02,FMX,450328,886995,Rafael,RotaCerta
1475,2023-09-03,FMX,450329,886996,Jessica,MoviFrete
1476,2023-02-09,VM,450330,886997,Jessica,MoviFrete
1477,2023-10-09,FH,450331,886998,Vitor,RápidoFrete
1478,2024-01-30,VM,450332,886999,Rafael,ExpressoNet
1479,2024-05-26,FH,450333,887000,Rafael,ExpressoNet
1480,2023-09-23,FH,450334,887001,Vitor,RápidoFrete
1481,2024-05-31,VM,450335,887002,Vitor,RápidoFrete
1482,2024-06-07,VM,450336,887003,Rafael,ExpressoNet
1483,2024-05-03,FMX,450337,887004,Jessica,MoviFrete
1484,2023-06-05,VM,450338,887005,Andre,LogiMaster
1485,2024-01-01,FH,450339,887006,Jessica,MoviFrete
1486,2023-12-21,FH,450340,887007,Jessica,ViaCargo
1487,2023-03-22,FH,450341,887008,Andre,LogiMaster
1488,2023-12-08,FMX,450342,887009,Vitor,EficientTrans
1489,2023-11-07,FH,450343,887010,Jessica,ViaCargo
1490,2023-02-10,VM,450344,887011,Vitor,EficientTrans
1491,2023-06-23,VM,450345,887012,Vitor,RápidoFrete
1492,2024-06-26,FH,450346,887013,Vitor,RápidoFrete
1493,2024-03-30,VM,450347,887014,Vitor,RápidoFrete
1494,2023-01-24,FMX,450348,887015,Vitor,Velocitrans
1495,2023-04-03,FMX,450349,887016,Andre,LogiMaster
1496,2024-03-26,FMX,450350,887017,Rafael,MaxiCarga
1497,2023-07-31,FH,450351,887018,Jessica,FastFrete
1498,2023-11-06,FH,450352,887019,Andre,RápidoLog
1499,2023-07-16,FMX,450353,887020,Vitor,EficientTrans
1500,2024-02-02,FMX,450354,887021,Andre,LogiMaster
1501,2024-02-11,FMX,450355,887022,Jessica,FastFrete
1502,2023-10-04,FMX,450356,887023,Vitor,EficientTrans
1503,2023-04-15,FH,450357,887024,Jessica,MoviFrete
1504,2023-07-14,FH,450358,887025,Vitor,EficientTrans
1505,2023-11-23,FH,450359,887026,Rafael,GlobalLog
1506,2023-04-10,FMX,450360,887027,Jessica,MoviFrete
1507,2024-01-04,FH,450361,887028,Rafael,GlobalLog
1508,2023-01-25,VM,450362,887029,Rafael,RotaCerta
1509,2023-10-06,FMX,450363,887030,Jessica,FastFrete
1510,2023-10-03,FMX,450364,887031,Vitor,RápidoFrete
1511,2023-08-07,VM,450365,887032,Jessica,FastFrete
1512,2023-09-20,FH,450366,887033,Jessica,ViaCargo
1513,2023-10-09,FMX,450367,887034,Rafael,ExpressoNet
1514,2024-02-11,FH,450368,887035,Vitor,EficientTrans
1515,2023-01-20,FMX,450369,887036,Jessica,MoviFrete
1516,2023-02-17,FMX,450370,887037,Rafael,MaxiCarga
1517,2023-07-19,VM,450371,887038,Andre,LogiMaster
1518,2023-02-16,FMX,450372,887039,Vitor,Velocitrans
1519,2023-05-07,FMX,450373,887040,Andre,LogiMaster
1520,2023-02-19,FH,450374,887041,Jessica,MoviFrete
1521,2024-04-01,VM,450375,887042,Andre,RápidoLog
1522,2024-03-03,VM,450376,887043,Rafael,GlobalLog
1523,2023-04-11,FMX,450377,887044,Jessica,MoviFrete
1524,2023-12-31,FMX,450378,887045,Andre,LogiMaster
1525,2024-04-30,FMX,450379,887046,Vitor,RápidoFrete
1526,2024-01-07,FH,450380,887047,Vitor,EficientTrans
1527,2023-10-11,FH,450381,887048,Jessica,ViaCargo
1528,2023-06-28,VM,450382,887049,Vitor,RápidoFrete
1529,2023-11-12,VM,450383,887050,Jessica,MoviFrete
1530,2023-05-10,VM,450384,887051,Jessica,FastFrete
1531,2023-09-23,VM,450385,887052,Jessica,SuperCargas
1532,2024-06-24,FH,450386,887053,Jessica,MoviFrete
1533,2023-04-16,FMX,450387,887054,Jessica,ViaCargo
1534,2023-12-20,FMX,450388,887055,Vitor,Velocitrans
1535,2023-11-07,FH,450389,887056,Vitor,EficientTrans
1536,2023-10-06,VM,450390,887057,Andre,LogiMaster
1537,2023-01-25,VM,450391,887058,Rafael,ExpressoNet
1538,2024-04-21,FH,450392,887059,Rafael,GlobalLog
1539,2024-06-02,FMX,450393,887060,Jessica,MoviFrete
1540,2023-10-12,VM,450394,887061,Vitor,Velocitrans
1541,2023-09-09,VM,450395,887062,Vitor,EficientTrans
1542,2023-08-08,VM,450396,887063,Jessica,FastFrete
1543,2023-03-08,FMX,450397,887064,Vitor,Velocitrans
1544,2023-07-14,VM,450398,887065,Rafael,RotaCerta
1545,2024-05-11,FMX,450399,887066,Vitor,RápidoFrete
1546,2023-11-11,VM,450400,887067,Jessica,ViaCargo
1547,2024-06-04,FH,450401,887068,Jessica,SuperCargas
1548,2023-02-09,VM,450402,887069,Rafael,RotaCerta
1549,2024-03-28,VM,450403,887070,Vitor,EficientTrans
1550,2024-04-19,FH,450404,887071,Vitor,EficientTrans
1551,2023-09-27,FMX,450405,887072,Vitor,Velocitrans
1552,2024-05-27,FMX,450406,887073,Jessica,MoviFrete
1553,2023-03-25,FMX,450407,887074,Vitor,RápidoFrete
1554,2024-01-11,FH,450408,887075,Jessica,MoviFrete
1555,2024-01-31,FMX,450409,887076,Jessica,SuperCargas
1556,2023-01-26,FH,450410,887077,Jessica,MoviFrete
1557,2023-05-28,FH,450411,887078,Vitor,RápidoFrete
1558,2024-05-27,FMX,450412,887079,Jessica,FastFrete
1559,2023-04-28,VM,450413,887080,Jessica,SuperCargas
1560,2023-05-22,FMX,450414,887081,Jessica,MoviFrete
1561,2024-02-02,FMX,450415,887082,Rafael,GlobalLog
1562,2023-06-14,VM,450416,887083,Vitor,EficientTrans
1563,2023-09-07,FMX,450417,887084,Vitor,EficientTrans
1564,2023-01-10,FH,450418,887085,Vitor,EficientTrans
1565,2023-03-09,FMX,450419,887086,Rafael,RotaCerta
1566,2023-04-18,VM,450420,887087,Vitor,EficientTrans
1567,2024-02-18,FMX,450421,887088,Andre,LogiMaster
1568,2023-02-17,VM,450422,887089,Jessica,MoviFrete
1569,2023-11-27,FH,450423,887090,Jessica,SuperCargas
1570,2023-01-08,VM,450424,887091,Jessica,FastFrete
1571,2023-05-14,FMX,450425,887092,Jessica,ViaCargo
1572,2023-03-04,FMX,450426,887093,Jessica,MoviFrete
1573,2023-01-19,VM,450427,887094,Jessica,MoviFrete
1574,2023-07-24,VM,450428,887095,Jessica,MoviFrete
1575,2023-07-10,FH,450429,887096,Jessica,MoviFrete
1576,2024-03-27,FMX,450430,887097,Vitor,EficientTrans
1577,2024-06-23,FH,450431,887098,Andre,RápidoLog
1578,2023-12-28,VM,450432,887099,Jessica,SuperCargas
1579,2023-11-09,FH,450433,887100,Jessica,FastFrete
1580,2024-06-02,FMX,450434,887101,Vitor,EficientTrans
1581,2023-02-04,FH,450435,887102,Vitor,Velocitrans
1582,2023-01-08,VM,450436,887103,Andre,LogiMaster
1583,2024-01-07,FMX,450437,887104,Vitor,EficientTrans
1584,2023-04-15,FMX,450438,887105,Andre,LogiMaster
1585,2023-02-18,FMX,450439,887106,Rafael,RotaCerta
1586,2023-12-17,FH,450440,887107,Vitor,Velocitrans
1587,2023-03-15,FH,450441,887108,Vitor,EficientTrans
1588,2023-01-14,FMX,450442,887109,Andre,LogiMaster
1589,2024-01-15,FMX,450443,887110,Vitor,RápidoFrete
1590,2023-03-11,FH,450444,887111,Andre,RápidoLog
1591,2023-05-30,FH,450445,887112,Vitor,EficientTrans
1592,2023-08-01,VM,450446,887113,Jessica,SuperCargas
1593,2023-05-13,VM,450447,887114,Jessica,SuperCargas
1594,2023-01-19,VM,450448,887115,Rafael,RotaCerta
1595,2023-01-15,FH,450449,887116,Jessica,ViaCargo
1596,2024-04-05,FMX,450450,887117,Jessica,MoviFrete
1597,2023-12-28,VM,450451,887118,Jessica,SuperCargas
1598,2024-01-05,VM,450452,887119,Jessica,SuperCargas
1599,2024-05-23,VM,450453,887120,Jessica,SuperCargas
1600,2023-10-23,VM,450454,887121,Rafael,MaxiCarga
1601,2023-07-03,FMX,450455,887122,Jessica,ViaCargo
1602,2023-09-13,VM,450456,887123,Andre,LogiMaster
1603,2023-06-18,FH,450457,887124,Andre,LogiMaster
1604,2023-07-26,VM,450458,887125,Jessica,FastFrete
1605,2024-05-07,VM,450459,887126,Jessica,MoviFrete
1606,2023-09-03,FH,450460,887127,Vitor,RápidoFrete
1607,2023-06-25,VM,450461,887128,Rafael,RotaCerta
1608,2024-06-21,FH,450462,887129,Jessica,FastFrete
1609,2023-03-08,FMX,450463,887130,Andre,RápidoLog
1610,2024-01-04,FMX,450464,887131,Vitor,EficientTrans
1611,2024-04-08,FMX,450465,887132,Jessica,SuperCargas
1612,2023-03-08,FMX,450466,887133,Jessica,SuperCargas
1613,2023-03-20,VM,450467,887134,Andre,LogiMaster
1614,2024-03-08,VM,450468,887135,Jessica,SuperCargas
1615,2023-05-24,FMX,450469,887136,Rafael,RotaCerta
1616,2023-08-30,FMX,450470,887137,Vitor,Velocitrans
1617,2024-03-14,FH,450471,887138,Jessica,SuperCargas
1618,2024-06-12,VM,450472,887139,Vitor,EficientTrans
1619,2024-03-29,FH,450473,887140,Jessica,SuperCargas
1620,2023-03-17,FMX,450474,887141,Andre,LogiMaster
1621,2024-02-26,FMX,450475,887142,Vitor,EficientTrans
1622,2024-03-21,FMX,450476,887143,Rafael,RotaCerta
1623,2023-04-15,FMX,450477,887144,Andre,LogiMaster
1624,2023-12-18,FMX,450478,887145,Rafael,ExpressoNet
1625,2024-05-04,FH,450479,887146,Vitor,RápidoFrete
1626,2024-04-02,FMX,450480,887147,Andre,LogiMaster
1627,2024-05-28,FH,450481,887148,Rafael,GlobalLog
1628,2023-04-16,FMX,450482,887149,Rafael,MaxiCarga
1629,2024-06-09,FMX,450483,887150,Rafael,GlobalLog
1630,2024-02-06,FMX,450484,887151,Andre,RápidoLog
1631,2023-09-22,VM,450485,887152,Jessica,ViaCargo
1632,2023-01-23,FMX,450486,887153,Andre,LogiMaster
1633,2024-05-19,FH,450487,887154,Jessica,MoviFrete
1634,2023-04-10,VM,450488,887155,Rafael,GlobalLog
1635,2023-08-02,VM,450489,887156,Jessica,FastFrete
1636,2024-03-16,FMX,450490,887157,Vitor,EficientTrans
1637,2024-04-15,FH,450491,887158,Rafael,RotaCerta
1638,2023-12-01,FMX,450492,887159,Andre,RápidoLog
1639,2023-03-01,VM,450493,887160,Andre,LogiMaster
1640,2023-10-09,VM,450494,887161,Vitor,Velocitrans
1641,2023-12-24,FH,450495,887162,Rafael,MaxiCarga
1642,2024-05-30,FH,450496,887163,Vitor,Velocitrans
1643,2023-08-09,VM,450497,887164,Jessica,SuperCargas
1644,2023-02-11,VM,450498,887165,Vitor,Velocitrans
1645,2023-02-02,VM,450499,887166,Rafael,ExpressoNet
1646,2023-01-30,FMX,450500,887167,Rafael,ExpressoNet
1647,2023-08-09,VM,450501,887168,Jessica,SuperCargas
1648,2023-05-31,FMX,450502,887169,Jessica,ViaCargo
1649,2023-05-06,VM,450503,887170,Vitor,RápidoFrete
1650,2023-12-14,FH,450504,887171,Jessica,ViaCargo
1651,2023-09-20,FH,450505,887172,Jessica,MoviFrete
1652,2024-04-07,VM,450506,887173,Vitor,EficientTrans
1653,2023-12-19,VM,450507,887174,Vitor,EficientTrans
1654,2024-01-14,FH,450508,887175,Vitor,EficientTrans
1655,2023-04-20,FH,450509,887176,Vitor,RápidoFrete
1656,2023-11-19,FH,450510,887177,Jessica,SuperCargas
1657,2023-10-25,FMX,450511,887178,Vitor,EficientTrans
1658,2023-01-08,FH,450512,887179,Vitor,EficientTrans
1659,2024-06-29,FMX,450513,887180,Rafael,MaxiCarga
1660,2023-04-14,FMX,450514,887181,Vitor,RápidoFrete
1661,2023-02-27,FMX,450515,887182,Jessica,ViaCargo
1662,2024-03-04,FMX,450516,887183,Rafael,RotaCerta
1663,2023-07-09,FMX,450517,887184,Vitor,RápidoFrete
1664,2023-03-04,VM,450518,887185,Andre,RápidoLog
1665,2024-04-07,FH,450519,887186,Vitor,RápidoFrete
1666,2023-10-17,FH,450520,887187,Andre,RápidoLog
1667,2024-05-23,FH,450521,887188,Rafael,GlobalLog
1668,2024-04-10,FH,450522,887189,Andre,LogiMaster
1669,2023-12-10,FMX,450523,887190,Jessica,ViaCargo
1670,2023-08-27,FMX,450524,887191,Jessica,FastFrete
1671,2023-03-20,VM,450525,887192,Jessica,ViaCargo
1672,2024-03-13,FH,450526,887193,Andre,LogiMaster
1673,2024-04-29,FMX,450527,887194,Jessica,MoviFrete
1674,2024-06-09,FH,450528,887195,Vitor,Velocitrans
1675,2024-02-25,FMX,450529,887196,Rafael,GlobalLog
1676,2023-08-10,FH,450530,887197,Andre,LogiMaster
1677,2023-06-25,VM,450531,887198,Vitor,EficientTrans
1678,2023-08-17,FH,450532,887199,Jessica,SuperCargas
1679,2023-10-14,FH,450533,887200,Vitor,EficientTrans
1680,2023-08-04,FMX,450534,887201,Andre,RápidoLog
1681,2023-03-11,FMX,450535,887202,Andre,LogiMaster
1682,2024-02-05,VM,450536,887203,Rafael,MaxiCarga
1683,2023-08-12,FH,450537,887204,Vitor,EficientTrans
1684,2024-01-20,FMX,450538,887205,Vitor,EficientTrans
1685,2023-12-17,VM,450539,887206,Jessica,SuperCargas
1686,2023-06-22,VM,450540,887207,Rafael,RotaCerta
1687,2023-06-01,FH,450541,887208,Andre,LogiMaster
1688,2023-01-19,FMX,450542,887209,Jessica,ViaCargo
1689,2023-02-05,VM,450543,887210,Andre,LogiMaster
1690,2024-03-15,FMX,450544,887211,Vitor,EficientTrans
1691,2023-11-03,FH,450545,887212,Vitor,Velocitrans
1692,2023-10-08,FH,450546,887213,Jessica,SuperCargas
1693,2023-03-09,FMX,450547,887214,Vitor,RápidoFrete
1694,2024-01-15,FH,450548,887215,Andre,LogiMaster
1695,2024-05-22,VM,450549,887216,Andre,LogiMaster
1696,2023-12-14,FMX,450550,887217,Vitor,RápidoFrete
1697,2024-03-14,FMX,450551,887218,Rafael,RotaCerta
1698,2024-01-09,FH,450552,887219,Rafael,MaxiCarga
1699,2024-03-06,FH,450553,887220,Andre,RápidoLog
1700,2024-02-28,VM,450554,887221,Andre,LogiMaster
1701,2023-10-23,FH,450555,887222,Vitor,EficientTrans
1702,2023-08-24,VM,450556,887223,Vitor,RápidoFrete
1703,2023-06-24,FH,450557,887224,Vitor,Velocitrans
1704,2023-03-31,FMX,450558,887225,Andre,LogiMaster
1705,2024-02-14,FH,450559,887226,Rafael,GlobalLog
1706,2023-01-05,FMX,450560,887227,Vitor,RápidoFrete
1707,2024-01-10,VM,450561,887228,Jessica,SuperCargas
1708,2023-10-15,VM,450562,887229,Vitor,RápidoFrete
1709,2023-06-12,FH,450563,887230,Rafael,ExpressoNet
1710,2023-11-27,FMX,450564,887231,Andre,RápidoLog
1711,2023-09-25,FMX,450565,887232,Rafael,RotaCerta
1712,2024-05-01,VM,450566,887233,Jessica,MoviFrete
1713,2023-01-12,VM,450567,887234,Vitor,RápidoFrete
1714,2024-05-17,FH,450568,887235,Jessica,FastFrete
1715,2024-02-26,FMX,450569,887236,Vitor,EficientTrans
1716,2023-11-22,VM,450570,887237,Jessica,FastFrete
1717,2023-04-28,VM,450571,887238,Vitor,Velocitrans
1718,2023-11-27,VM,450572,887239,Rafael,GlobalLog
1719,2023-06-30,FMX,450573,887240,Jessica,MoviFrete
1720,2023-06-09,VM,450574,887241,Vitor,Velocitrans
1721,2023-03-07,VM,450575,887242,Jessica,FastFrete
1722,2024-04-01,VM,450576,887243,Andre,RápidoLog
1723,2023-04-08,FMX,450577,887244,Vitor,RápidoFrete
1724,2023-11-10,FMX,450578,887245,Jessica,MoviFrete
1725,2023-09-23,VM,450579,887246,Andre,RápidoLog
1726,2023-04-29,FMX,450580,887247,Andre,LogiMaster
1727,2023-11-14,FH,450581,887248,Vitor,EficientTrans
1728,2023-12-25,FH,450582,887249,Jessica,SuperCargas
1729,2023-04-03,VM,450583,887250,Rafael,ExpressoNet
1730,2023-12-16,FH,450584,887251,Vitor,Velocitrans
1731,2023-03-31,VM,450585,887252,Vitor,RápidoFrete
1732,2024-06-24,VM,450586,887253,Jessica,ViaCargo
1733,2023-08-26,VM,450587,887254,Rafael,MaxiCarga
1734,2023-05-22,VM,450588,887255,Jessica,MoviFrete
1735,2023-09-12,VM,450589,887256,Vitor,Velocitrans
1736,2024-02-11,VM,450590,887257,Rafael,MaxiCarga
1737,2023-05-26,VM,450591,887258,Jessica,FastFrete
1738,2024-02-21,FH,450592,887259,Andre,LogiMaster
1739,2024-01-28,VM,450593,887260,Jessica,SuperCargas
1740,2023-12-01,FH,450594,887261,Vitor,Velocitrans
1741,2023-02-12,FH,450595,887262,Jessica,FastFrete
1742,2023-02-02,FMX,450596,887263,Rafael,MaxiCarga
1743,2023-06-02,FH,450597,887264,Jessica,MoviFrete
1744,2023-10-06,FH,450598,887265,Andre,LogiMaster
1745,2023-03-04,FMX,450599,887266,Vitor,Velocitrans
1746,2024-02-11,FMX,450600,887267,Jessica,SuperCargas
1747,2023-12-15,FH,450601,887268,Vitor,RápidoFrete
1748,2024-04-13,VM,450602,887269,Vitor,EficientTrans
1749,2023-02-10,VM,450603,887270,Andre,RápidoLog
1750,2023-12-20,FH,450604,887271,Andre,LogiMaster
1751,2024-02-15,FMX,450605,887272,Vitor,Velocitrans
1752,2024-03-15,VM,450606,887273,Jessica,MoviFrete
1753,2024-06-25,VM,450607,887274,Rafael,GlobalLog
1754,2024-04-23,FH,450608,887275,Rafael,MaxiCarga
1755,2024-04-08,FMX,450609,887276,Vitor,RápidoFrete
1756,2023-09-17,FH,450610,887277,Jessica,MoviFrete
1757,2024-05-15,FMX,450611,887278,Vitor,Velocitrans
1758,2023-06-06,FMX,450612,887279,Rafael,MaxiCarga
1759,2023-02-16,FMX,450613,887280,Rafael,ExpressoNet
1760,2023-08-30,FMX,450614,887281,Andre,RápidoLog
1761,2023-05-01,FMX,450615,887282,Vitor,RápidoFrete
1762,2023-12-23,FMX,450616,887283,Jessica,SuperCargas
1763,2024-06-02,VM,450617,887284,Vitor,Velocitrans
1764,2024-01-26,FMX,450618,887285,Vitor,EficientTrans
1765,2023-07-04,FH,450619,887286,Vitor,RápidoFrete
1766,2023-07-07,FH,450620,887287,Rafael,ExpressoNet
1767,2023-04-12,FH,450621,887288,Rafael,MaxiCarga
1768,2024-06-28,FH,450622,887289,Vitor,Velocitrans
1769,2024-06-05,FH,450623,887290,Jessica,MoviFrete
1770,2023-11-04,FH,450624,887291,Vitor,RápidoFrete
1771,2023-05-01,FH,450625,887292,Jessica,MoviFrete
1772,2023-09-27,FH,450626,887293,Andre,RápidoLog
1773,2024-03-19,VM,450627,887294,Jessica,MoviFrete
1774,2023-07-25,FH,450628,887295,Jessica,MoviFrete
1775,2023-11-01,VM,450629,887296,Jessica,FastFrete
1776,2023-03-18,FH,450630,887297,Jessica,SuperCargas
1777,2023-09-24,VM,450631,887298,Vitor,Velocitrans
1778,2024-06-06,FH,450632,887299,Rafael,RotaCerta
1779,2023-02-27,FH,450633,887300,Jessica,MoviFrete
1780,2023-08-31,FH,450634,887301,Jessica,FastFrete
1781,2024-05-31,VM,450635,887302,Andre,RápidoLog
1782,2023-01-05,FH,450636,887303,Andre,LogiMaster
1783,2023-11-14,VM,450637,887304,Jessica,SuperCargas
1784,2023-03-22,VM,450638,887305,Andre,LogiMaster
1785,2024-01-06,VM,450639,887306,Vitor,EficientTrans
1786,2023-05-15,FH,450640,887307,Jessica,MoviFrete
1787,2023-04-30,VM,450641,887308,Rafael,RotaCerta
1788,2024-05-08,FMX,450642,887309,Vitor,Velocitrans
1789,2024-06-14,FMX,450643,887310,Rafael,RotaCerta
1790,2023-10-09,VM,450644,887311,Jessica,ViaCargo
1791,2023-04-29,VM,450645,887312,Jessica,MoviFrete
1792,2023-06-02,FMX,450646,887313,Rafael,GlobalLog
1793,2024-03-24,VM,450647,887314,Andre,RápidoLog
1794,2023-08-01,FH,450648,887315,Vitor,RápidoFrete
1795,2023-11-06,FMX,450649,887316,Vitor,Velocitrans
1796,2023-02-02,FH,450650,887317,Rafael,MaxiCarga
1797,2024-03-11,FH,450651,887318,Jessica,FastFrete
1798,2024-05-14,VM,450652,887319,Vitor,EficientTrans
1799,2023-08-31,VM,450653,887320,Vitor,Velocitrans
1800,2023-12-05,FMX,450654,887321,Rafael,MaxiCarga
1801,2023-07-09,FH,450655,887322,Jessica,MoviFrete
1802,2023-01-23,FMX,450656,887323,Andre,LogiMaster
1803,2023-11-01,FMX,450657,887324,Jessica,SuperCargas
1804,2023-02-10,FMX,450658,887325,Rafael,MaxiCarga
1805,2024-02-25,FH,450659,887326,Jessica,FastFrete
1806,2024-01-27,FH,450660,887327,Andre,LogiMaster
1807,2023-08-19,FMX,450661,887328,Jessica,SuperCargas
1808,2023-01-08,FMX,450662,887329,Rafael,ExpressoNet
1809,2023-08-17,FMX,450663,887330,Jessica,FastFrete
1810,2024-04-08,FMX,450664,887331,Jessica,FastFrete
1811,2023-06-21,FMX,450665,887332,Vitor,EficientTrans
1812,2023-08-16,FMX,450666,887333,Jessica,ViaCargo
1813,2023-02-16,VM,450667,887334,Andre,LogiMaster
1814,2023-03-10,VM,450668,887335,Jessica,SuperCargas
1815,2023-02-18,VM,450669,887336,Andre,RápidoLog
1816,2024-06-04,VM,450670,887337,Vitor,RápidoFrete
1817,2023-11-27,FH,450671,887338,Jessica,MoviFrete
1818,2024-01-20,FH,450672,887339,Vitor,Velocitrans
1819,2023-06-25,VM,450673,887340,Jessica,MoviFrete
1820,2024-06-03,VM,450674,887341,Vitor,Velocitrans
1821,2023-10-12,FH,450675,887342,Andre,LogiMaster
1822,2023-08-09,FMX,450676,887343,Rafael,RotaCerta
1823,2023-06-07,VM,450677,887344,Vitor,RápidoFrete
1824,2023-01-03,FH,450678,887345,Andre,RápidoLog
1825,2023-12-26,FH,450679,887346,Jessica,MoviFrete
1826,2024-03-18,FH,450680,887347,Jessica,FastFrete
1827,2023-10-04,FH,450681,887348,Rafael,ExpressoNet
1828,2023-01-10,VM,450682,887349,Vitor,Velocitrans
1829,2023-06-06,FMX,450683,887350,Rafael,GlobalLog
1830,2024-03-12,FMX,450684,887351,Jessica,MoviFrete
1831,2024-01-14,FH,450685,887352,Andre,LogiMaster
1832,2023-11-02,VM,450686,887353,Rafael,MaxiCarga
1833,2024-03-17,FMX,450687,887354,Vitor,EficientTrans
1834,2024-01-25,FMX,450688,887355,Vitor,Velocitrans
1835,2024-01-27,VM,450689,887356,Andre,LogiMaster
1836,2023-11-07,VM,450690,887357,Rafael,MaxiCarga
1837,2023-01-10,VM,450691,887358,Jessica,MoviFrete
1838,2024-01-09,FMX,450692,887359,Jessica,FastFrete
1839,2023-07-02,FMX,450693,887360,Jessica,SuperCargas
1840,2024-01-12,FH,450694,887361,Vitor,EficientTrans
1841,2023-10-14,VM,450695,887362,Vitor,Velocitrans
1842,2024-06-15,FH,450696,887363,Vitor,RápidoFrete
1843,2023-10-03,FMX,450697,887364,Andre,RápidoLog
1844,2024-01-15,VM,450698,887365,Vitor,EficientTrans
1845,2024-06-26,FMX,450699,887366,Vitor,RápidoFrete
1846,2023-12-27,VM,450700,887367,Jessica,MoviFrete
1847,2023-01-18,VM,450701,887368,Vitor,EficientTrans
1848,2023-10-18,VM,450702,887369,Jessica,FastFrete
1849,2023-10-28,FMX,450703,887370,Vitor,Velocitrans
1850,2024-01-13,FH,450704,887371,Rafael,RotaCerta
1851,2023-08-11,FH,450705,887372,Rafael,MaxiCarga
1852,2023-04-02,FMX,450706,887373,Jessica,MoviFrete
1853,2023-10-05,FMX,450707,887374,Rafael,MaxiCarga
1854,2024-03-11,FH,450708,887375,Vitor,RápidoFrete
1855,2024-01-29,FMX,450709,887376,Andre,LogiMaster
1856,2023-06-04,FMX,450710,887377,Rafael,ExpressoNet
1857,2024-05-13,FMX,450711,887378,Jessica,SuperCargas
1858,2023-10-20,FH,450712,887379,Jessica,SuperCargas
1859,2023-11-29,VM,450713,887380,Vitor,Velocitrans
1860,2023-05-17,VM,450714,887381,Jessica,MoviFrete
1861,2023-05-20,FH,450715,887382,Jessica,ViaCargo
1862,2024-02-28,FH,450716,887383,Jessica,FastFrete
1863,2024-06-17,VM,450717,887384,Andre,LogiMaster
1864,2023-06-13,FMX,450718,887385,Vitor,Velocitrans
1865,2023-12-26,FH,450719,887386,Andre,RápidoLog
1866,2024-02-16,FMX,450720,887387,Rafael,MaxiCarga
