Nota,DataEmissao,ValorFaturado
448855,2023-12-07,618653.4634976181
448856,2024-01-25,567373.2917138345
448857,2023-12-11,212692.57332536994
448858,2024-01-15,429889.77009208355
448859,2023-12-21,426597.241984488
448860,2024-01-24,214087.79153068402
448861,2023-12-19,503168.3732663508
448862,2024-01-25,494565.31286168826
448863,2023-12-07,564006.1577198661
448864,2024-01-16,581854.4232789885
448865,2023-12-23,210914.3439750397
448866,2024-02-07,424676.64875182434
448867,2024-01-03,519704.3489003539
448868,2024-01-23,196856.67464448785
448869,2024-01-01,450041.5043490947
448870,2024-01-11,574484.077542857
448871,2024-01-02,596337.6973483817
448872,2024-01-24,486647.99637192587
448873,2023-12-07,305021.0475085955
448874,2024-01-21,454750.00674638065
448875,2023-12-11,450339.6353421484
448876,2024-01-26,246885.47873470173
448877,2023-11-10,268278.03673875553
448878,2023-07-08,265873.48698109144
448879,2023-07-08,262213.6582786328
448881,2023-08-31,590538.9012831296
448882,2023-08-26,484035.8627156719
448883,2024-03-24,237197.74862617976
448884,2023-07-09,313724.5819709561
448885,2023-01-17,188008.72353352577
448886,2024-04-25,508028.10686692555
448887,2023-04-13,298075.49752093735
448888,2024-01-27,419177.08489113575
448889,2024-03-15,280732.78352683125
448890,2023-04-05,630798.437383051
448891,2023-08-18,557100.6419903482
448892,2023-05-24,225282.93072726185
448893,2024-06-23,287571.9596861998
448894,2024-03-22,258649.5447039532
448895,2023-11-26,481816.41592046287
448896,2023-09-20,463485.7021299379
448897,2023-02-25,593162.2779649822
448898,2023-01-22,461854.82357291854
448899,2023-10-18,399359.0946261477
448900,2024-05-08,553815.3848324079
448901,2023-10-05,477752.21917839744
448902,2023-09-11,599918.5970442541
448903,2024-04-26,513302.3290380148
448904,2023-09-08,243621.6285014697
448905,2024-04-12,534306.0788712752
448906,2023-07-25,268494.16457954433
448907,2023-05-21,285637.35673456127
448908,2023-06-27,233213.3257699681
448909,2024-02-09,306043.81473507744
448910,2023-05-12,550001.4442280362
448911,2023-12-30,513838.1153433435
448912,2023-03-05,539455.2630583383
448913,2024-06-06,422264.9830377066
448914,2024-03-11,562331.9303313454
448915,2023-02-20,287442.3631905669
448916,2023-08-03,518018.5517412957
448917,2023-07-28,481593.70041680237
448918,2023-07-06,378633.4158734735
448919,2023-12-14,242015.1921957352
448920,2023-08-08,549013.278087966
448921,2023-05-28,508523.5510349601
448922,2023-03-04,279438.04060832696
448923,2023-03-24,265746.68476866116
448924,2024-01-26,523156.43844784755
448925,2023-03-23,527892.463369382
448926,2023-04-17,256766.82438589368
448927,2023-10-02,209641.5135142255
448928,2024-01-22,549056.0385092176
448929,2024-03-05,272585.56004648196
448930,2023-06-18,574320.7070064053
448931,2023-06-05,279411.0041322649
448932,2023-04-03,535777.4375091939
448933,2024-03-16,442693.9129146731
448934,2023-10-23,477763.9329072879
448935,2023-04-27,463998.26048217283
448936,2023-03-24,651113.2996449199
448937,2024-05-19,201080.59628956547
448938,2023-01-21,281707.88314247754
448939,2024-04-22,416062.5132227243
448940,2023-07-16,606092.5984944538
448941,2023-04-22,491236.6851705676
448942,2023-03-04,197868.75039981463
448943,2023-11-29,223534.37111424652
448944,2024-01-09,200115.5537763276
448945,2024-04-12,540293.7327872424
448946,2023-07-24,265435.1737487255
448947,2023-02-08,241449.0728718114
448948,2023-09-13,488819.42127938266
448949,2024-01-04,625830.7916997846
448950,2023-04-08,306262.337117514
448951,2024-01-28,484534.5722348965
448952,2024-03-21,532056.6231297028
448953,2024-03-16,493517.84301375964
448954,2023-04-05,465094.84033527575
448955,2023-03-13,230849.99240486516
448956,2022-12-23,298584.046898484
448957,2023-06-07,437831.4968215235
448958,2024-03-22,529867.2362799227
448959,2024-02-15,289097.69916218397
448960,2023-03-29,574283.9286188789
448961,2023-05-14,485661.00850180624
448962,2023-09-05,562372.1121823802
448963,2024-01-06,496237.1235547763
448964,2024-06-08,526854.3886071185
448965,2023-05-10,216786.09103548157
448966,2023-04-20,206641.93606568023
448967,2023-09-16,480567.14212962065
448968,2023-07-30,584072.3281637265
448969,2023-10-02,513502.3515478802
448970,2023-08-05,598237.81147234
448971,2023-06-13,285964.8149962375
448972,2023-08-03,610454.9822121981
448973,2023-04-09,528275.9003921625
448974,2024-04-23,623448.6917443702
448975,2024-02-09,220037.2419107622
448976,2023-08-09,404895.3395454967
448977,2024-01-01,226562.9434344684
448978,2024-06-10,235738.11472784882
448979,2023-04-25,626127.2871789249
448980,2023-04-07,227478.63295836057
448981,2024-02-04,241709.32076739962
448982,2024-05-12,600304.9962076725
448983,2023-10-15,515857.56621287134
448984,2023-07-26,611571.06835982
448985,2024-02-27,530387.6216176228
448986,2023-08-28,507921.1617595507
448987,2024-03-16,242237.80923035156
448988,2023-07-07,468327.3302099383
448989,2023-03-22,527249.6460707624
448990,2023-09-12,228124.20322255645
448991,2023-04-28,249904.61805758803
448992,2024-02-29,279024.82923382433
448993,2023-08-23,223979.09453181404
448994,2023-07-04,204858.4130211346
448995,2023-10-01,264175.29750836536
448996,2024-04-01,254219.07024747325
448997,2023-11-23,257262.21728972605
448998,2023-01-18,258746.88381124212
448999,2023-03-29,235802.8768219522
449000,2023-02-01,234558.2835554066
449001,2023-02-06,628094.2200789728
449002,2024-04-13,643571.2807155956
449003,2023-10-29,514755.8632751272
449004,2022-12-20,523506.43730316235
449005,2024-02-22,633283.8753808584
449006,2023-06-18,604283.0363537585
449007,2023-04-08,205073.76754826008
449008,2023-02-08,609132.1459898734
449009,2023-02-19,510766.8523717784
449010,2024-06-17,459657.2379082029
449011,2024-03-05,593290.0967688381
449012,2023-05-13,395097.41988692735
449013,2023-03-14,592834.6503272336
449014,2023-09-01,271060.178910054
449015,2024-04-11,493413.5174345281
449016,2023-06-28,236076.05820131933
449017,2024-01-21,235295.7364324901
449018,2023-01-22,474218.8606044709
449019,2023-07-17,606676.3884082453
449020,2023-09-26,410488.3631465119
449021,2024-02-09,505136.0601431204
449022,2023-10-15,212636.01151203932
449023,2023-10-02,523622.6446999115
449024,2024-06-07,300775.15232988336
449025,2022-12-31,211822.351307493
449026,2023-08-22,530154.8498864983
449027,2023-10-06,451592.58332569234
449028,2023-09-12,230299.33659867584
449029,2024-06-25,268181.9132544142
449030,2023-11-13,594396.2014564353
449031,2023-10-22,214387.34236323024
449032,2023-02-10,471000.99387550354
449033,2024-06-02,220153.30078286532
449034,2023-03-29,517936.1555554271
449035,2023-10-24,217310.76420906474
449036,2024-04-07,580281.1021209878
449037,2023-05-31,560875.326760164
449038,2023-02-26,600088.5765185874
449039,2023-07-09,543215.0540160447
449040,2023-08-22,628897.6911355865
449041,2023-08-20,256109.02636475782
449042,2023-12-14,425433.4722462348
449043,2023-04-03,425120.61101838027
449044,2024-05-16,546253.6537994107
449045,2023-09-09,605100.6762634336
449046,2023-06-26,198420.15549170133
449047,2023-11-30,228698.1946937636
449048,2023-01-12,223078.22213201094
449049,2023-04-25,209472.12458165846
449050,2023-06-17,255122.73742503583
449051,2024-05-16,467057.0477095241
449052,2023-07-09,526274.9318917986
449053,2023-01-12,543905.1702608144
449054,2024-03-23,236551.1225560019
449055,2024-03-23,510018.5269229911
449056,2024-06-07,219685.11135950187
449057,2023-04-25,591896.6892363845
449058,2022-12-03,255993.02417023532
449059,2024-04-05,397033.9469867186
449060,2024-01-25,591487.7838948491
449061,2024-03-10,528014.6343515356
449062,2023-05-09,526062.6802213173
449063,2023-08-31,497139.8956859757
449064,2023-02-07,439669.072748461
449065,2023-10-03,240041.9482822125
449066,2023-12-11,486405.63449939585
449067,2024-05-30,257936.0671380398
449068,2024-04-27,525816.2645817472
449069,2023-12-06,405065.7665725514
449070,2023-06-20,496549.0900819515
449071,2023-09-22,207461.06947036294
449072,2022-12-09,231947.44320500703
449073,2023-07-04,407930.613408884
449074,2023-09-23,445856.42386586464
449075,2023-02-27,261381.39359338727
449076,2023-10-19,250437.24849046435
449077,2024-01-17,586672.7736017806
449078,2023-07-17,634635.2870053358
449079,2023-03-14,226993.01708350753
449080,2023-12-15,541640.2181738687
449081,2023-03-23,231243.74096955603
449082,2023-02-13,585379.5078930233
449083,2023-09-21,559534.2322719141
449084,2023-09-13,204356.32159611068
449085,2023-06-02,484148.9284138486
449086,2024-04-25,510181.7417586803
449087,2023-01-26,272778.5837766589
449088,2024-06-22,448672.9750396163
449089,2023-12-26,409826.1975515889
449090,2023-03-04,531872.2410635103
449091,2023-02-11,203456.82022588438
449092,2023-04-26,276322.1383775751
449093,2023-08-03,557719.0042909913
449094,2023-07-31,534579.853411438
449095,2024-05-23,254854.29379406353
449096,2023-01-18,275258.2592425857
449097,2023-05-23,615393.8554536285
449098,2024-03-19,498217.04012247437
449099,2024-03-08,613631.7126067631
449100,2024-03-09,471793.649160624
449101,2023-12-24,539078.4440731264
449102,2024-03-27,541422.4651514246
449103,2023-03-29,497766.7830124184
449104,2023-12-27,412935.497392432
449105,2024-04-13,417865.42652775877
449106,2023-01-20,498249.9475121752
449107,2023-01-04,562361.9813105878
449108,2024-03-28,637375.943931481
449109,2024-02-21,617042.9083185295
449110,2023-09-05,597810.4696283625
449111,2023-11-11,528195.6485973062
449112,2023-07-31,275819.84744263033
449113,2023-02-27,257423.9676672217
449114,2023-02-11,574020.1007145765
449115,2024-03-03,194826.21280149234
449116,2024-04-21,214704.58273040588
449117,2023-11-28,487531.3389363083
449118,2023-02-13,622698.0122947396
449119,2024-01-11,230264.95909253138
449120,2024-03-18,606201.2657180465
449121,2023-07-14,239571.16288276698
449122,2023-12-26,523461.64945302345
449123,2023-06-30,678380.0424651564
449124,2023-02-02,584356.5256129473
449125,2023-08-02,431895.64687958104
449126,2023-11-16,452778.3326736389
449127,2023-07-17,532938.4376387894
449128,2024-02-05,250016.10261866538
449129,2023-12-11,254220.89885910397
449130,2024-03-02,262183.363607468
449131,2023-05-28,490248.44604435534
449132,2023-03-25,563302.6586523091
449133,2023-05-20,239511.09467009085
449134,2024-03-30,605517.4673476027
449135,2023-10-28,640987.6454286507
449136,2023-06-13,540315.8352207196
449137,2023-12-01,441137.86100023036
449138,2023-10-18,497122.7148184092
449139,2023-09-10,276584.19952028483
449140,2023-02-20,460189.1326921846
449141,2024-01-20,551505.8527478751
449142,2023-10-16,561318.2804303262
449143,2023-04-12,562552.3695206676
449144,2023-03-19,614726.9570169126
449145,2023-12-05,209945.79612036655
449146,2023-12-12,585884.875595917
449147,2024-06-11,641957.9985384372
449148,2023-02-09,638037.9265767602
449149,2023-12-30,484422.63325934194
449150,2024-02-10,488134.70029722026
449151,2024-01-06,271095.99832796975
449152,2024-01-10,199474.3654919893
449153,2023-09-18,526244.739293402
449154,2023-05-06,388280.12596495514
449155,2024-03-28,221523.43053254846
449156,2024-04-23,291428.01623064507
449157,2023-07-09,457313.49685469
449158,2023-12-05,591632.0485015812
449159,2024-05-30,396179.9727290768
449160,2024-05-02,521946.66253144195
449161,2023-01-19,259523.60447869275
449162,2023-09-25,421823.66248930077
449163,2023-05-28,524517.0320479693
449164,2023-02-15,580444.2016535064
449165,2023-10-25,613558.9032065115
449166,2023-09-15,593267.9644520787
449167,2023-01-21,227978.35936286964
449168,2023-03-07,497362.6417358994
449169,2024-02-10,270375.6863374955
449170,2023-12-14,596419.1796580649
449171,2024-03-31,516600.5427133216
449172,2024-04-27,604651.0578375603
449173,2024-06-02,569309.3527689765
449174,2023-02-06,542171.7250695507
449175,2023-06-27,491806.6761855106
449176,2023-12-04,584722.1238039441
449177,2023-09-06,272997.07365240424
449178,2023-12-25,537830.1593694452
449179,2024-01-16,258699.27503634983
449180,2023-04-23,488313.5244227211
449181,2023-08-14,615275.1223551297
449182,2024-05-06,231687.46994902412
449183,2023-04-25,510195.85671366745
449184,2023-04-08,554894.2036284131
449185,2023-08-31,445653.6492741937
449186,2023-01-17,549110.3547755516
449187,2023-07-11,462019.1254234782
449188,2023-11-22,407164.3969494058
449189,2023-09-21,610661.278420553
449190,2024-04-23,634588.7060989719
449191,2024-05-24,513321.89195657807
449192,2024-04-14,226397.81799577177
449193,2023-03-05,563850.1661893395
449194,2024-05-17,579083.368016075
449195,2024-04-28,456311.9768075102
449196,2023-05-04,378291.159340757
449197,2024-04-06,540396.1544509975
449198,2023-01-17,502333.66538876225
449199,2023-06-15,246889.58753211197
449200,2023-08-08,414313.20522461046
449201,2023-07-18,254216.6223552663
449202,2023-12-08,251019.12589674816
449203,2022-12-27,277512.352419005
449204,2023-03-18,692806.15287636
449205,2023-12-03,230773.2856624856
449206,2023-09-27,470823.10992530524
449207,2023-01-10,566476.6232405835
449208,2024-05-05,524263.37114985776
449209,2023-04-21,528130.8777147228
449210,2023-12-23,560345.7562584967
449211,2023-10-01,595486.7399199512
449212,2024-06-12,589330.1096375852
449213,2023-08-20,503452.4421026578
449214,2023-05-24,562260.6413640716
449215,2023-03-06,465764.14967633464
449216,2024-04-25,610142.6184695265
449217,2023-09-22,207373.0160442953
449218,2023-09-06,282406.897050619
449219,2024-03-06,533300.1682962533
449220,2024-03-08,612236.399262569
449221,2023-10-09,464722.4826835231
449222,2024-06-04,577664.1573164038
449223,2024-05-18,527398.6820307884
449224,2024-01-24,199786.9125685368
449225,2023-11-15,262458.54478373856
449226,2023-07-28,236104.97465998272
449227,2023-12-05,272486.74761211104
449228,2024-02-03,277373.72560034035
449229,2024-06-03,211167.92922312985
449230,2023-07-11,428248.24003945885
449231,2023-03-28,457274.8152327393
449232,2024-05-24,502626.934360895
449233,2023-01-20,278457.18621149374
449234,2024-01-14,624474.5663144146
449235,2024-05-18,514461.0844658385
449236,2024-03-17,592498.1918483841
449237,2024-05-15,255330.92460313492
449238,2024-02-23,587122.0287002976
449239,2023-12-21,471403.6932799671
449240,2023-01-15,537695.2263165347
449241,2024-01-13,304426.17524568597
449242,2023-02-28,241127.40987974533
449243,2023-10-01,448622.58267424075
449244,2023-04-10,554938.5245872046
449245,2024-02-28,460029.15723416035
449246,2023-08-21,559291.9461148786
449247,2023-12-10,401094.7503771487
449248,2024-01-31,559408.945030036
449249,2023-01-20,265572.255054403
449250,2023-07-06,640248.9062789504
449251,2024-01-08,242882.32531773648
449252,2024-05-12,579219.631770331
449253,2023-05-24,590760.3645083763
449254,2023-06-15,607923.5152474333
449255,2023-12-18,517396.68258946884
449256,2023-08-05,671578.8167289352
449257,2023-10-19,230061.46017389253
449258,2023-10-11,247605.87182781906
449259,2023-05-03,585161.5335566817
449260,2023-01-15,569801.8895420976
449261,2024-01-30,537144.1394983097
449262,2023-11-13,544150.3466921111
449263,2023-09-23,382208.4002968301
449264,2023-10-09,617171.6037984462
449265,2024-02-16,515845.83782560774
449266,2023-09-24,252688.88878809434
449267,2023-05-18,558207.4721565403
449268,2024-02-18,494563.62123778637
449269,2024-02-15,507749.25417660037
449270,2023-05-14,426754.51065640314
449271,2024-01-06,421624.5276465453
449272,2023-02-04,454732.8644758178
449273,2024-02-01,221815.22047246541
449274,2024-06-15,427514.1409297799
449275,2023-04-05,251394.799639052
449276,2023-02-06,671953.4326649936
449277,2023-10-26,237028.1387183078
449278,2023-10-15,377765.2520331511
449279,2022-12-23,252763.3895944357
449280,2023-02-08,234383.49448128426
449281,2023-03-28,493707.77055026934
449282,2023-11-13,465724.2710376915
449283,2023-08-13,491227.55964667833
449284,2023-02-16,223344.71183311057
449285,2023-02-10,257809.35213173585
449286,2024-01-11,273413.33250055724
449287,2024-05-13,296484.24270818976
449288,2024-06-16,562572.3717200035
449289,2023-01-15,203141.49346697595
449290,2023-04-04,591037.7469229182
449291,2023-09-29,488566.4980810493
449292,2023-11-04,419640.63980142283
449293,2023-06-11,241385.29006090353
449294,2023-04-04,313586.631486573
449295,2024-03-12,219935.35981662388
449296,2024-02-15,542336.8123181964
449297,2024-02-09,523089.42024772026
449298,2023-09-25,528914.899062693
449299,2023-12-11,492110.97874742665
449300,2023-11-19,505840.30777173693
449301,2024-02-22,479986.2438984965
449302,2024-04-13,244641.91898968644
449303,2023-04-29,305328.374229538
449304,2023-02-09,212751.5333538293
449305,2023-05-30,551478.9330043969
449306,2023-11-02,518854.47504264384
449307,2024-05-06,206701.15226304496
449308,2024-04-30,518801.84129298065
449309,2023-10-11,604982.878214615
449310,2023-04-12,218955.07160041944
449311,2023-03-10,547218.9298864597
449312,2023-08-22,552740.3122697371
449313,2024-06-09,553209.1474511605
449314,2023-01-22,267149.3558750716
449315,2023-05-10,616749.8698260101
449316,2024-01-20,220687.509441965
449317,2022-12-10,555075.5432443332
449318,2024-02-25,245606.86843107914
449319,2024-02-13,305582.84237028495
449320,2024-05-23,192125.6013154696
449321,2023-08-24,537850.5653362096
449322,2022-12-20,240568.45737661087
449323,2023-07-18,492237.74542070786
449324,2023-06-22,610260.1662086382
449325,2024-01-07,574060.1357118466
449326,2023-04-26,540793.3045933862
449327,2024-06-08,217091.58561429987
449328,2024-05-19,214770.28598310615
449329,2023-09-29,461401.5966486346
449330,2023-12-15,438047.22926924436
449331,2023-08-29,614008.2684862867
449332,2023-02-26,534950.8527249221
449333,2023-05-14,239217.53920618352
449334,2023-01-16,404471.57961040566
449335,2023-01-25,639264.9261300203
449336,2024-01-18,453401.9728437334
449337,2023-05-05,243110.10706696197
449338,2024-05-15,529084.6369250315
449339,2023-10-27,290819.3724565025
449340,2023-12-12,288575.8659210628
449341,2024-05-28,627224.7103051626
449342,2024-04-26,566239.8883609294
449343,2022-12-20,541404.1770780719
449344,2023-08-27,308852.2038960675
449345,2024-03-23,657954.820774476
449346,2023-05-21,273158.14619586925
449347,2023-11-18,288106.70760726667
449348,2024-04-16,509929.92993743945
449349,2023-10-10,216227.65754624884
449350,2024-01-02,603973.9615852982
449351,2023-08-13,550609.7763314549
449352,2024-05-31,483954.47443642595
449353,2024-02-10,265442.11329830036
449354,2023-12-25,263869.65829102264
449355,2024-05-21,268024.2634359991
449356,2023-07-02,546575.5207601849
449357,2023-05-11,452114.9590128537
449358,2024-03-21,249850.67995070876
449359,2023-07-16,550865.751081183
449360,2024-03-16,242331.6589435247
449361,2023-12-17,515114.79809719126
449362,2024-02-22,548603.1239318671
449363,2023-01-02,638437.6117807114
449364,2024-05-05,565981.3104941184
449365,2023-11-30,282072.4730336694
449366,2024-01-22,524075.85192732164
449367,2023-02-18,509388.9095242515
449368,2022-12-30,551139.5626910363
449369,2023-03-25,400948.9914079081
449370,2023-08-18,579293.1990736047
449371,2024-06-05,233809.82574929515
449372,2023-05-19,490758.37783379393
449373,2024-03-13,232493.9356150151
449374,2023-09-05,422122.6169729101
449375,2024-02-05,534226.3248620734
449376,2024-01-15,516227.80277582456
449377,2023-12-30,218499.13033519135
449378,2023-08-25,208433.8185850347
449379,2023-05-25,558617.4568094995
449380,2023-06-08,496079.5623419505
449381,2023-03-02,601954.7276242811
449382,2023-03-14,203933.93348674267
449383,2024-04-16,249741.88111197785
449384,2024-04-17,530000.124127174
449385,2024-06-12,547227.1127477345
449386,2023-05-15,507049.9158277008
449387,2023-09-06,408073.9751434966
449388,2023-04-01,496720.7510417058
449389,2023-12-17,476401.3180977441
449390,2023-07-22,267940.1697059757
449391,2023-04-21,491373.7964980679
449392,2023-09-23,276375.98284637975
449393,2023-07-02,230930.98520990138
449394,2024-02-03,254931.78530777182
449395,2023-06-17,540112.8697627092
449396,2023-12-04,533036.0395022739
449397,2024-03-24,636097.3663832152
449398,2023-09-01,247425.74073433282
449399,2023-03-19,523522.83360129915
449400,2024-05-27,630088.1861853562
449401,2024-05-13,218985.25436299073
449402,2024-05-04,495865.2194491262
449403,2024-02-21,487672.38587698253
449404,2024-01-27,207821.50292627272
449405,2023-10-13,608661.0883943276
449406,2023-02-15,283500.4331078449
449407,2023-04-20,209806.4289036944
449408,2023-05-18,204395.31443760914
449409,2023-09-05,553345.3710705854
449410,2023-01-28,499850.4944546919
449411,2023-03-27,596362.2816750895
449412,2024-01-05,203715.23715722238
449413,2023-10-09,548988.9644034532
449414,2023-05-22,264903.50833003817
449415,2024-06-06,531144.442457218
449416,2024-03-07,548918.040102601
449417,2024-03-03,572902.4411044073
449418,2024-04-19,576093.5108519939
449419,2023-07-26,254931.85337523482
449420,2023-03-02,519316.4949127289
449421,2024-04-02,618053.5080932995
449422,2024-03-04,443547.15249208966
449423,2023-03-09,480210.88451897283
449424,2024-01-19,245965.93185649655
449425,2024-05-08,222419.8253148646
449426,2023-07-18,512935.4710702657
449427,2023-11-29,620007.5193827696
449428,2023-11-15,272254.94714688574
449429,2023-05-01,601576.1005519107
449430,2023-08-23,488035.51230248867
449431,2023-06-26,448482.5680821737
449432,2023-06-28,428733.7309242779
449433,2024-01-04,450902.31633043085
449434,2023-12-14,442587.8442445173
449435,2024-01-18,478789.55527083715
449436,2023-04-04,537897.1913311583
449437,2023-02-06,575187.3106423634
449438,2023-02-04,488744.17041156447
449439,2023-07-27,195552.69038877892
449440,2023-01-12,428481.5267881274
449441,2023-07-31,483273.5606440394
449442,2024-03-09,564739.470719158
449443,2023-07-11,466829.54478425323
449444,2024-05-21,207123.42518235595
449445,2023-10-11,602865.5596029253
449446,2023-06-19,241488.82053122116
449447,2024-03-17,522949.95105085446
449448,2024-01-27,519954.7773324853
449449,2023-09-02,492404.22773289564
449450,2024-02-17,222060.84885341974
449451,2023-01-18,689082.2077084946
449452,2024-03-18,574049.0457791232
449453,2024-05-09,252331.64208691768
449454,2023-01-02,258362.50266796642
449455,2023-12-18,528751.0177198121
449456,2023-06-12,542663.4209510847
449457,2023-02-13,542974.967480578
449458,2023-07-30,555545.5142136393
449459,2023-01-07,602947.201097534
449460,2023-01-30,240956.42259414843
449461,2024-03-24,611104.7829084869
449462,2023-02-24,267005.6974722695
449463,2023-12-01,511671.0465070679
449464,2024-01-01,474410.8809979822
449465,2024-04-07,529423.6720548182
449466,2024-05-31,486974.29115455045
449467,2023-06-01,455823.8496643104
449468,2022-12-06,399311.7957220614
449469,2023-11-01,518026.4942502707
449470,2023-01-25,682262.6892667051
449471,2024-01-17,529585.6713727745
449472,2024-03-30,505415.2292591735
449473,2024-03-24,194238.92009364464
449474,2024-05-11,554939.4605199482
449475,2024-06-03,508360.86295104603
449476,2024-03-12,563374.1671776954
449477,2023-06-23,567330.3141677794
449478,2023-08-03,555110.3354908464
449479,2024-05-09,426204.880075221
449480,2023-02-16,509229.0274683173
449481,2023-08-22,210454.40964570412
449482,2024-02-06,557867.6789338758
449483,2023-03-18,551707.5131817027
449484,2023-01-29,506115.8027100499
449485,2024-06-12,571887.0561961861
449486,2023-12-14,185096.37488633808
449487,2024-02-22,214479.34733291043
449488,2024-01-31,589360.1147993178
449489,2023-03-30,496083.28096804034
449490,2023-04-15,568997.7032904682
449491,2023-07-05,254270.6668623575
449492,2023-06-06,473722.53530414903
449493,2023-03-10,402432.71242897754
449494,2023-06-11,237296.91286184613
449495,2023-02-03,499604.34558326
449496,2023-06-26,273541.7308043549
449497,2024-05-13,203073.24534701405
449498,2023-12-08,504452.0515792604
449499,2022-12-30,558840.9530012542
449500,2023-04-12,589852.4459943607
449501,2023-07-09,190983.22470599372
449502,2023-03-28,278634.9189476695
449503,2023-01-18,481384.21627536515
449504,2023-03-05,505541.4840765613
449505,2023-03-11,278860.3675615351
449506,2024-04-07,211156.3596690824
449507,2023-05-21,457455.8204549741
449508,2023-03-17,478746.42783378065
449509,2023-11-03,420074.3219829372
449510,2023-05-10,481389.93688202434
449511,2023-01-23,389100.2736233466
449512,2023-06-11,282074.09096993704
449513,2023-07-27,496469.0691558723
449514,2023-07-01,431089.3303740081
449515,2024-01-23,241511.94888970966
449516,2024-04-11,215568.28690306918
449517,2023-10-24,641504.3265884324
449518,2024-06-24,483282.31955325836
449519,2024-05-25,513197.9834255809
449520,2024-02-23,641147.874027853
449521,2023-07-06,223268.7906265009
449522,2023-02-17,541697.0777921999
449523,2024-01-28,597724.0418556657
449524,2023-02-16,586372.3799712717
449525,2023-08-31,530470.2376496812
449526,2023-01-24,488674.5422154808
449527,2024-04-16,190317.75064056387
449528,2023-07-04,206344.58364762465
449529,2023-09-19,273138.451025069
449530,2023-05-09,631905.4829432981
449531,2024-04-09,195332.21452300064
449532,2022-12-20,593518.964377373
449533,2024-04-17,567222.0984762126
449534,2023-09-15,245041.85052858837
449535,2024-04-28,498190.2535032808
449536,2023-02-20,469628.0293777544
449537,2024-03-20,313318.82978739036
449538,2023-12-08,568147.7498974302
449539,2023-09-11,493964.0752930222
449540,2024-01-02,282472.61767686385
449541,2024-06-06,587635.538476923
449542,2023-11-04,244159.0378611086
449543,2023-08-30,614830.7862858083
449544,2024-04-30,525640.5329951502
449545,2024-03-11,593024.2009852509
449546,2023-11-19,560198.4625545237
449547,2023-06-13,243845.05288816217
449548,2023-12-03,645914.614470741
449549,2023-03-28,243071.42182326852
449550,2023-04-13,569878.9975034375
449551,2023-04-01,568408.5900104624
449552,2024-01-19,258492.99340557243
449553,2024-05-06,201761.60652624592
449554,2023-10-11,221870.67878123448
449555,2023-08-26,513591.38670866325
449556,2023-07-11,541670.7006084219
449557,2023-07-22,303963.92673151055
449558,2022-12-23,266123.462952592
449559,2023-07-09,257748.64533655578
449560,2023-05-08,481832.7741717886
449561,2023-10-19,203127.0379822567
449562,2024-01-15,516572.79626014014
449563,2023-01-20,395000.0853585328
449564,2023-07-20,203634.15395129012
449565,2023-06-14,253497.48708467835
449566,2024-05-01,220743.1399361026
449567,2024-01-17,571914.2641437079
449568,2024-01-07,589979.0315363667
449569,2023-06-16,525002.4382546805
449570,2023-06-13,569513.2715020637
449571,2022-12-26,495670.8914365642
449572,2023-01-19,284091.38288702845
449573,2024-06-10,275453.99621888844
449574,2023-06-09,546901.3150402108
449575,2024-02-27,223289.4159061599
449576,2023-07-07,271689.46250956116
449577,2024-05-02,421929.89062511834
449578,2023-11-11,252833.83191443988
449579,2023-02-14,238935.0462757582
449580,2023-04-24,530456.7842638107
449581,2023-11-17,688079.0684285339
449582,2024-03-26,557795.1315095314
449583,2023-04-22,614800.827866785
449584,2023-04-11,437510.844156274
449585,2023-06-23,501205.12075633457
449586,2023-04-27,593232.5409834529
449587,2023-08-01,274951.7888159449
449588,2024-05-13,204272.426086206
449589,2023-07-14,609581.6383505353
449590,2023-02-11,467109.0559603719
449591,2023-10-15,485905.2650099667
449592,2023-08-23,575587.4298652245
449593,2024-04-04,529641.1351604409
449594,2023-12-05,231490.73185790263
449595,2023-09-26,526967.0790356885
449596,2023-08-03,397959.05839121895
449597,2023-02-02,432300.47793479596
449598,2023-04-26,609877.7754781388
449599,2023-09-04,595859.5529870512
449600,2024-04-02,571088.8965392505
449601,2023-08-10,488458.3292748317
449602,2023-11-13,441462.7737035238
449603,2023-10-23,536577.8310199097
449604,2024-01-31,674535.4717475536
449605,2022-12-24,599124.8995658197
449606,2023-08-20,547845.4174881573
449607,2024-02-28,670018.5155612624
449608,2023-06-08,420343.0695080109
449609,2023-09-09,550953.5038686811
449610,2023-10-09,420772.7286402802
449611,2024-01-13,515840.1914077098
449612,2023-10-04,372782.68045734125
449613,2023-11-03,548122.7645558544
449614,2023-07-14,592283.832549656
449615,2024-04-01,233575.24536397538
449616,2024-01-14,579567.748565508
449617,2023-02-28,519735.7357612636
449618,2024-05-31,590776.8920541981
449619,2024-05-17,238809.54620303522
449620,2023-11-04,510897.2415144239
449621,2023-10-04,284340.0162475298
449622,2024-02-24,494116.2059571079
449623,2024-04-14,268557.1682955345
449624,2023-10-05,562327.2084433143
449625,2024-03-30,270215.20460668
449626,2024-05-02,260354.32445326875
449627,2023-01-01,548780.1652866247
449628,2024-05-02,510842.60455033765
449629,2024-02-06,243913.0825699968
449630,2023-09-12,608722.299056585
449631,2023-10-28,206204.94056029982
449632,2023-02-20,405699.9662147721
449633,2023-10-29,531559.913476511
449634,2023-01-04,423154.651555425
449635,2024-04-28,541923.9373776207
449636,2023-12-22,394591.61901333823
449637,2023-07-31,576477.0680945741
449638,2023-09-29,287658.7587800121
449639,2023-02-13,466275.99460334616
449640,2023-12-17,234982.17895430577
449641,2023-03-10,518260.9706684479
449642,2023-02-12,206079.0025405496
449643,2023-09-14,264092.1426023236
449644,2024-05-18,591756.4507564743
449645,2023-03-31,402984.25208481145
449646,2023-02-03,219399.33918338886
449647,2023-11-22,559919.2089024587
449648,2023-11-01,212346.029677797
449649,2024-01-29,203650.2199753589
449650,2023-02-12,409679.604949853
449651,2024-05-08,471532.20409941557
449652,2023-08-10,518871.6405824885
449653,2024-02-12,664061.099985614
449654,2024-05-14,249727.95877798964
449655,2024-02-20,530114.849552679
449656,2023-07-17,575018.0937987999
449657,2024-04-04,226137.2420184893
449658,2024-06-02,207498.2295499325
449659,2023-04-01,293949.3010610722
449660,2023-07-04,588922.6405646962
449661,2023-10-15,216244.3626626626
449662,2023-06-02,237275.48936395947
449663,2024-04-22,493286.77182806
449664,2023-08-26,292768.75231426774
449665,2023-05-03,662967.5665107244
449666,2023-10-08,519552.3163501511
449667,2023-12-04,488841.50073684304
449668,2023-05-14,551791.7461692982
449669,2024-04-27,408582.2482931865
449670,2023-03-27,211729.34276499657
449671,2023-04-25,511139.4293346286
449672,2024-05-21,516839.2760505153
449673,2023-09-23,539282.8794038626
449674,2023-04-19,243808.61198367775
449675,2023-05-08,607194.3089729623
449676,2023-04-17,547677.696740642
449677,2023-07-09,556991.7236831249
449678,2024-04-14,244803.8526437743
449679,2023-07-15,224324.00838079964
449680,2023-12-29,595942.7635600786
449681,2023-03-10,538445.0947365861
449682,2023-08-22,431860.41786998446
449683,2023-01-27,574761.8482348802
449684,2023-04-14,549708.7118698679
449685,2023-09-10,212505.5439377179
449686,2023-02-07,421850.7882776039
449687,2023-11-22,539099.0550008662
449688,2023-01-12,555053.2137615164
449689,2023-12-05,525981.5778836845
449690,2023-07-08,304458.2499197496
449691,2024-06-07,459506.9451233729
449692,2023-04-17,260271.257944815
449693,2023-08-29,553121.8135154588
449694,2023-01-24,444036.2945732635
449695,2023-02-18,314760.95777782873
449696,2024-01-01,251488.25888630992
449697,2024-06-11,220974.14102825202
449698,2023-11-09,502295.9652373142
449699,2024-03-17,498431.6444073409
449700,2023-10-02,380176.70271075616
449701,2024-06-23,599603.3486240958
449702,2023-12-22,524707.3259051014
449703,2023-12-28,225095.67236374598
449704,2024-04-28,626408.7634836598
449705,2023-08-04,288968.3663367321
449706,2023-01-21,554777.3188741091
449707,2023-07-22,269225.6268070812
449708,2023-03-31,427899.5786615471
449709,2023-09-30,612962.0344158235
449710,2023-11-10,454155.5296823578
449711,2023-05-18,244101.71601861055
449712,2024-03-18,622748.586096761
449713,2023-08-06,188494.4419606632
449714,2023-05-29,570847.3433053829
449715,2023-04-12,532448.2697062712
449716,2023-11-16,565971.2283226593
449717,2023-12-08,498196.8068846432
449718,2023-10-08,264578.5054574999
449719,2023-06-29,230253.29052586717
449720,2023-02-11,290482.4414198692
449721,2023-12-16,247480.41293626168
449722,2024-02-12,272826.4796430414
449723,2024-02-24,409264.85720137355
449724,2023-06-22,702439.6146665431
449725,2024-04-21,243355.39631772786
449726,2023-04-29,585208.6617005109
449727,2023-04-02,601266.8204853904
449728,2023-11-04,515334.0974538166
449729,2023-01-03,576803.7310227287
449730,2023-06-02,436413.3848266409
449731,2024-02-12,543671.2505178644
449732,2023-05-28,213265.11875081577
449733,2024-02-20,282578.40655896644
449734,2024-05-28,568931.5704689176
449735,2023-02-27,276254.07184759184
449736,2023-06-15,196656.37009016724
449737,2024-05-19,644165.8059253108
449738,2023-12-10,508565.6927108954
449739,2024-02-18,525012.5214227728
449740,2023-03-03,295725.72584575874
449741,2023-07-16,211903.96425265083
449742,2023-01-22,518216.57862368453
449743,2023-09-26,560091.5752797386
449744,2023-08-10,259913.58221969235
449745,2024-05-11,482395.0318001939
449746,2023-11-30,570415.288389687
449747,2023-02-05,379319.7303913186
449748,2023-11-17,618453.4163464583
449749,2023-02-12,279829.79189720383
449750,2023-07-06,460807.5786115598
449751,2024-01-07,597968.9809045332
449752,2023-11-08,561374.9656279789
449753,2024-05-30,528699.9656284763
449754,2022-12-23,572712.0709634342
449755,2024-04-22,233143.77521628802
449756,2023-06-10,511181.90368595876
449757,2024-03-16,577633.8898942702
449758,2023-03-01,514931.347278465
449759,2023-11-04,236438.6687495926
449760,2023-08-30,257840.809734112
449761,2024-02-17,545143.5244038819
449762,2024-01-29,267583.5441936558
449763,2023-11-02,454198.37208011554
449764,2023-06-03,478161.2932359183
449765,2023-06-26,616963.4890656857
449766,2024-06-23,211049.16885332557
449767,2023-05-15,529247.1278150402
449768,2024-06-03,477695.7740831957
449769,2023-08-29,525937.4277255784
449770,2023-03-06,585273.6369089811
449771,2023-02-11,558164.9412424507
449772,2024-01-22,557569.4816702792
449773,2023-01-04,551455.9716441734
449774,2023-03-02,559626.0674936
449775,2023-03-05,472989.8778810587
449776,2024-02-29,294863.1769237123
449777,2023-01-29,267253.0135461769
449778,2023-09-05,644866.2374075344
449779,2023-12-13,258303.4250283084
449780,2024-06-25,188055.63753523096
449781,2023-07-26,549071.7149067181
449782,2024-05-06,614959.9830060655
449783,2023-04-06,251246.22001309722
449784,2023-09-30,479541.69885836914
449785,2024-02-11,461477.88060788315
449786,2023-12-20,264652.8662469762
449787,2023-04-09,208104.57311653355
449788,2024-02-10,482516.89409173647
449789,2024-04-16,482623.8825480308
449790,2023-03-12,529882.7733494646
449791,2024-05-30,468920.7238825991
449792,2023-03-28,224396.48947389078
449793,2023-02-28,597705.344511587
449794,2023-08-11,636778.3003242041
449795,2024-03-04,460377.4759444234
449796,2024-05-12,581478.085593073
449797,2023-09-27,544863.7418910948
449798,2023-02-21,246133.82969706683
449799,2024-03-14,284738.41668871
449800,2024-03-29,519589.94505752425
449801,2024-01-06,555583.0029076046
449802,2024-05-24,609748.2315324418
449803,2024-02-20,400344.4352641858
449804,2023-12-07,299145.7373308084
449805,2023-09-29,201020.72396309397
449806,2023-07-06,536975.349006628
449807,2023-09-18,458493.12412483647
449808,2024-03-13,208922.67000633327
449809,2023-11-04,594252.8567829257
449810,2023-12-24,287425.522053054
449811,2023-01-30,509487.1364726616
449812,2023-08-20,494139.8510569967
449813,2023-06-15,496243.9290466553
449814,2023-08-16,268716.8677393929
449815,2023-05-26,397592.24977682024
449816,2024-01-20,529043.7033135641
449817,2023-03-22,494808.0283547943
449818,2023-03-20,249285.24197581544
449819,2024-04-22,268677.6715233408
449820,2024-06-09,543114.1907038242
449821,2023-10-20,560396.7531103614
449822,2024-02-24,493922.5291469514
449823,2023-05-04,456094.2176089115
449824,2022-12-16,552668.0787465449
449825,2023-05-01,620538.1249307065
449826,2023-05-20,294143.60026182665
449827,2023-05-26,254571.37937012396
449828,2024-02-11,458563.34768207726
449829,2024-04-06,543473.0307529694
449830,2023-06-29,525745.8038902225
449831,2023-06-12,213043.5473080131
449832,2023-04-24,523891.3839052379
449833,2023-06-22,627604.4613487121
449834,2024-02-26,413434.71355846967
449835,2023-11-17,558960.5096081366
449836,2023-06-24,276565.43241948896
449837,2023-02-16,291370.03664387896
449838,2024-03-14,213955.39171722523
449839,2024-01-18,407232.4204547753
449840,2023-08-25,515172.9885086307
449841,2024-01-24,249239.93810613832
449842,2023-06-09,193797.1799205904
449843,2024-05-30,260664.78082812866
449844,2024-04-02,479338.400056629
449845,2023-12-05,527825.0126542903
449846,2023-09-27,202435.39303926582
449847,2024-01-12,584487.5137608412
449848,2024-01-18,665490.0337574932
449849,2023-01-30,274803.6336357717
449850,2023-11-20,491836.6442609816
449851,2023-03-13,589376.3855396933
449852,2023-09-27,611888.6023825197
449853,2023-09-13,575618.8380088463
449854,2023-05-14,641870.8219209217
449855,2023-11-01,529666.9074916855
449856,2024-01-19,282948.42017227237
449857,2023-09-27,212065.8650534849
449858,2023-05-02,565326.5113533117
449859,2023-09-13,520240.0727828191
449860,2023-10-05,547575.3644004789
449861,2024-04-09,227092.5565785851
449862,2023-01-12,505259.7442897547
449863,2024-06-07,553437.190157454
449864,2024-05-18,522231.3148667737
449865,2024-04-19,597036.085618089
449866,2023-02-10,596354.5556785743
449867,2024-01-12,246016.60128075237
449868,2023-06-10,276188.61616938305
449869,2022-12-31,578944.1048174314
449870,2023-01-12,234900.27432724464
449871,2023-10-05,215735.1935931725
449872,2023-03-26,522126.0656410701
449873,2024-01-23,594982.6828934116
449874,2023-04-28,308832.1343179243
449875,2023-12-19,477816.27877198404
449876,2023-06-24,268674.1397784488
449877,2023-01-16,254928.97237928413
449878,2023-10-28,498449.8193816587
449879,2023-11-24,520738.9378940386
449880,2023-07-12,571686.3606285794
449881,2023-08-16,507523.2123484405
449882,2024-01-01,287560.92228857614
449883,2023-06-01,225751.18376208967
449884,2023-03-21,453800.0241614452
449885,2023-08-16,589168.6480369793
449886,2024-05-17,546805.886649061
449887,2023-04-15,240445.4458110322
449888,2024-04-25,497104.25478403154
449889,2023-01-04,575254.8035753961
449890,2023-01-02,540347.1485520875
449891,2022-12-19,466350.44359131326
449892,2023-08-31,528210.147700657
449893,2024-03-29,290522.7144280729
449894,2023-08-21,490149.54309644527
449895,2023-07-10,273667.6211294708
449896,2024-04-02,232055.7381920709
449897,2023-01-27,429179.8607252889
449898,2023-05-13,562990.8487422691
449899,2023-11-19,549328.8471738783
449900,2023-04-01,275334.35113470553
449901,2023-07-15,566142.1187143872
449902,2023-05-27,639411.7471407384
449903,2023-05-27,464421.17049535684
449904,2023-12-14,272345.39254512714
449905,2024-02-14,606914.728101377
449906,2023-09-01,569876.6987977899
449907,2023-02-09,554460.7909549841
449908,2023-03-05,211021.2615101854
449909,2024-05-10,281660.6371500044
449910,2023-07-29,262219.9534908865
449911,2024-06-15,258282.01231340432
449912,2023-12-12,541601.989815057
449913,2024-04-22,596152.7104901467
449914,2023-05-21,560243.4549162476
449915,2023-12-28,280909.38006297895
449916,2023-08-23,285436.1773891435
449917,2023-09-17,258102.97970577268
449918,2023-09-29,269787.9218207867
449919,2023-12-23,220989.98294054123
449920,2023-09-08,253822.91366084077
449921,2023-08-09,204279.54400930105
449922,2023-06-04,588825.7091505998
449923,2023-05-25,503174.9793151128
449924,2023-07-15,275614.26701052504
449925,2022-12-30,496920.3234211949
449926,2023-01-18,220143.90859312206
449927,2023-02-25,514240.671705552
449928,2023-03-03,558258.7365495213
449929,2024-06-05,498417.1915175586
449930,2023-07-03,217276.95459615602
449931,2023-11-30,511138.92133995873
449932,2024-06-11,432089.39547808154
449933,2023-03-26,550102.0577734413
449934,2023-02-07,248149.63290008233
449935,2023-04-27,559518.7412520533
449936,2023-11-04,259418.4371402883
449937,2023-01-04,543259.1168225859
449938,2023-08-03,253292.88509784557
449939,2023-10-14,529300.6739007114
449940,2023-07-20,626709.8442323118
449941,2023-11-04,525053.0195685289
449942,2023-10-07,474300.4036112478
449943,2024-06-03,227292.22034705244
449944,2023-07-22,547867.7990333645
449945,2024-04-17,613305.2106766199
449946,2023-03-05,211588.28095976697
449947,2023-07-27,515326.8744204797
449948,2023-12-10,250940.96896027544
449949,2024-02-02,224408.5401548148
449950,2023-04-01,551364.0418858037
449951,2023-11-24,566330.5303540812
449952,2023-06-21,218261.28597864544
449953,2024-03-29,250294.04050302575
449954,2023-12-15,492698.1209881967
449955,2023-12-06,529179.365828379
449956,2024-02-15,607209.9392319447
449957,2023-04-13,520569.39562584745
449958,2024-03-29,616849.2112681279
449959,2023-02-25,226599.9003543079
449960,2023-08-08,484478.39831013174
449961,2023-09-27,471331.54891722434
449962,2023-08-24,639119.0741515876
449963,2022-12-26,204125.63792725233
449964,2023-05-23,450830.4569082788
449965,2023-01-24,451052.8728654795
449966,2023-10-30,277203.8460389963
449967,2023-06-26,253538.6276908858
449968,2023-10-15,264389.6679465525
449969,2023-06-25,565255.808589873
449970,2023-09-30,272229.6572043171
449971,2023-04-26,411854.1593343734
449972,2023-10-28,284491.5388524871
449973,2023-12-29,214820.77498190544
449974,2024-05-03,650379.6403445659
449975,2023-07-31,243965.90244770714
449976,2024-04-09,665953.448806242
449977,2023-06-26,399352.9059705935
449978,2024-01-26,550968.875598143
449979,2023-10-26,635005.404738586
449980,2023-11-05,490757.93435751455
449981,2023-05-19,199340.64059686966
449982,2023-12-04,262405.4759009954
449983,2024-02-19,228532.53642250676
449984,2023-07-10,526765.6480660609
449985,2023-01-26,518520.8981954502
449986,2023-06-09,630847.2088961111
449987,2023-05-02,553008.5067036442
449988,2024-05-09,209378.02223713542
449989,2023-02-22,204181.76663005535
449990,2024-04-16,259783.0425641755
449991,2023-05-29,570565.7065313234
449992,2024-01-12,508301.2597639872
449993,2024-05-03,254629.77749004733
449994,2024-02-16,240480.1338601714
449995,2023-05-26,579280.6800333941
449996,2024-03-03,591675.6299660932
449997,2024-04-28,657240.6015858053
449998,2023-09-01,547441.9658670834
449999,2023-07-31,534542.9917649379
450000,2023-07-17,404959.3574880088
450001,2023-12-18,442636.2566002489
450002,2023-01-31,215017.81938627706
450003,2023-10-28,602703.9973174968
450004,2023-12-15,462050.80275949737
450005,2023-02-09,515614.63400054653
450006,2023-02-05,575363.9510751809
450007,2022-12-23,544198.784819541
450008,2023-04-15,261452.35846354297
450009,2024-04-04,488072.4407638451
450010,2024-03-25,566085.0101241
450011,2024-01-26,564811.1432988929
450012,2023-07-14,277625.48599768354
450013,2023-10-14,623170.4401709347
450014,2023-02-04,413081.60206796386
450015,2023-07-02,476371.77404154104
450016,2023-03-28,575476.1893811371
450017,2023-03-23,382764.54470329743
450018,2023-02-15,278363.18570162
450019,2024-03-05,469385.7064581777
450020,2023-01-13,295611.54765292146
450021,2023-10-20,230146.92151637582
450022,2023-10-21,583821.6720182102
450023,2023-12-15,591776.0819629153
450024,2023-08-28,251148.07016729223
450025,2024-01-07,505620.12441863597
450026,2023-02-28,413948.99861514487
450027,2023-09-22,485291.23767538765
450028,2023-12-15,473275.45270471426
450029,2023-10-15,278681.69035018503
450030,2024-04-24,467436.4119300878
450031,2023-01-10,478325.77208333346
450032,2023-08-11,589774.7619221897
450033,2024-06-07,381341.7913079937
450034,2023-05-20,460448.0277494587
450035,2024-01-15,624431.6296414896
450036,2023-02-16,466574.45442915475
450037,2023-01-23,204884.68950947543
450038,2023-05-08,530297.3857323395
450039,2023-11-22,439175.75795815984
450040,2023-02-04,253097.59676599602
450041,2023-01-16,460483.78564879537
450042,2023-09-29,421451.747604187
450043,2024-02-07,582789.816213472
450044,2023-01-23,629001.9952548082
450045,2023-11-14,226470.46261561956
450046,2023-12-24,272930.67082291364
450047,2023-05-07,243306.62755205567
450048,2024-06-10,519661.8799516424
450049,2023-07-23,565714.0036306953
450050,2023-02-26,506479.8394816958
450051,2022-12-03,533760.9209919785
450052,2023-01-22,532559.2359052962
450053,2023-01-14,611840.2987974697
450054,2024-01-03,622959.6791044198
450055,2023-02-21,532436.7324305008
450056,2024-05-04,588249.5021885143
450057,2024-05-27,436156.03938993
450058,2023-03-31,540100.7013392427
450059,2023-06-12,619076.3082497226
450060,2023-09-25,487493.10561510955
450061,2024-02-17,242616.68883077856
450062,2023-04-06,505125.4444908433
450063,2023-05-19,373379.835029012
450064,2023-03-21,470759.14256769576
450065,2023-02-25,536632.8413960276
450066,2024-01-05,251152.61033906759
450067,2023-10-19,513009.8321933591
450068,2022-12-05,250590.47346575613
450069,2023-07-29,533573.6940448869
450070,2022-12-22,517883.91548369743
450071,2023-05-25,260787.79677324172
450072,2023-06-27,596332.7494225738
450073,2023-11-11,233226.0305206277
450074,2023-05-07,518063.9654323135
450075,2023-07-09,513641.9775939769
450076,2024-01-10,223498.89907105366
450077,2023-12-29,219435.40529713186
450078,2024-03-26,450480.35019571445
450079,2023-10-11,201563.02894343532
450080,2023-07-11,398784.6860767756
450081,2023-12-09,254547.1862981631
450082,2023-08-08,585564.2376487625
450083,2023-04-26,588134.8507383381
450084,2023-07-31,487032.6351905728
450085,2023-01-07,280599.4503945339
450086,2023-04-13,259628.81295228034
450087,2024-05-13,584124.3223858223
450088,2023-03-01,454146.7003126019
450089,2023-01-13,520962.36058132467
450090,2023-10-04,214767.2600294586
450091,2023-05-21,398029.0006778945
450092,2023-01-15,434511.78981005255
450093,2023-05-06,188587.07012508032
450094,2023-03-15,492508.9382236923
450095,2022-12-31,542347.9893233054
450096,2024-04-28,224681.92352738586
450097,2023-09-17,275836.38681388384
450098,2022-12-25,240646.84186381122
450099,2023-06-27,534574.3678522427
450100,2023-05-02,429692.3884418747
450101,2024-04-01,397100.6601412704
450102,2023-06-19,191362.8328287504
450103,2023-09-05,568402.2294230036
450104,2023-09-08,280543.00223648176
450105,2023-07-30,607485.3563486453
450106,2023-03-10,584922.3471996656
450107,2023-04-28,252421.4688471174
450108,2023-09-04,415253.35902265034
450109,2022-12-20,640192.7131743648
450110,2023-11-29,241378.71269519345
450111,2024-01-08,411518.729897173
450112,2023-06-17,564315.2659246603
450113,2023-02-12,576791.2108320332
450114,2024-02-14,562019.8617002413
450115,2023-06-07,489339.2450864557
450116,2024-01-02,230068.261710961
450117,2024-03-03,653107.4088405037
450118,2023-05-15,548700.8562164593
450119,2023-10-28,595307.7062139834
450120,2024-05-17,535216.3599649554
450121,2024-05-24,577020.8385707202
450122,2023-05-25,542687.3268128183
450123,2023-01-08,612271.7145887055
450124,2024-03-20,218779.04040760995
450125,2023-03-03,237249.49333793327
450126,2023-05-16,515403.9018337094
450127,2024-02-27,225097.93334399874
450128,2024-01-23,567513.2286674796
450129,2023-09-06,559677.3288665114
450130,2023-04-23,276269.08113935596
450131,2024-04-13,575944.9422838469
450132,2024-05-31,588517.1466424575
450133,2023-11-07,521087.68608874513
450134,2024-06-01,223285.9127896833
450135,2023-07-22,380341.6915691875
450136,2023-07-17,613288.108132181
450137,2023-10-01,279624.4681161928
450138,2023-11-14,245478.33504048205
450139,2023-06-19,202610.8963327456
450140,2023-04-06,618469.8410513189
450141,2023-06-03,564762.2798446744
450142,2023-07-06,441992.1378084951
450143,2023-04-29,574408.8641839239
450144,2023-10-23,233716.7431830887
450145,2024-04-11,625274.5220890134
450146,2023-03-08,489777.6045000458
450147,2023-06-22,545166.7981195545
450148,2023-10-11,192368.67843358972
450149,2023-08-04,521079.0951703487
450150,2023-10-16,207772.2446447076
450151,2024-03-26,202573.56643192816
450152,2023-08-25,414015.15214977437
450153,2023-11-18,521330.1082440307
450154,2023-08-21,584068.0425306809
450155,2023-12-13,278725.4941150152
450156,2023-08-18,416301.7814644086
450157,2023-09-05,273213.0907935009
450158,2024-01-10,513527.8436557125
450159,2023-04-08,473351.8459838832
450160,2023-11-17,304840.6233275051
450161,2024-04-22,471544.36389536515
450162,2023-05-07,434097.6333955765
450163,2023-06-14,435829.7444844005
450164,2023-09-26,235803.84686974925
450165,2023-08-08,579547.3621228108
450166,2024-01-06,228557.47153963518
450167,2024-05-31,441797.84231207
450168,2023-10-29,583795.2102971757
450169,2022-12-23,256453.62908448454
450170,2023-09-29,260560.8890681459
450171,2023-06-29,597846.7534024795
450172,2023-03-31,549786.0639497242
450173,2023-11-28,495488.5276471206
450174,2023-02-06,510200.5891212753
450175,2023-07-17,201863.36257077008
450176,2023-08-07,450755.36802910117
450177,2023-09-09,229051.09954208156
450178,2023-07-25,508750.7389358624
450179,2023-03-24,213880.72674982742
450180,2024-02-16,436206.6400708037
450181,2023-10-08,550552.6909421907
450182,2023-07-18,486374.3624120676
450183,2024-05-22,565116.2107341248
450184,2023-08-20,578552.8328642275
450185,2023-09-13,539192.149442793
450186,2023-08-22,498272.09155114635
450187,2023-09-07,280608.7683367175
450188,2023-02-01,227737.04305532525
450189,2023-01-11,453108.01742716617
450190,2024-01-12,271662.2726987037
450191,2024-01-28,493608.59147640545
450192,2023-02-21,280869.18827049166
450193,2023-02-21,393739.7030087645
450194,2023-04-05,196951.70631090924
450195,2023-05-31,563667.6588043767
450196,2023-09-13,469663.34452464135
450197,2023-11-21,190662.73182376096
450198,2023-04-06,273277.08845109877
450199,2023-09-06,438077.79391204787
450200,2023-07-18,230328.06744858596
450201,2023-09-28,199155.94763311438
450202,2023-09-12,243355.64698720392
450203,2024-03-26,236863.01024948078
450204,2024-01-24,601953.7682342029
450205,2024-01-26,214250.44814971267
450206,2023-02-08,312754.2932961383
450207,2023-03-27,535417.3318454125
450208,2023-03-23,587060.7541601777
450209,2024-03-27,528048.7914152171
450210,2024-01-17,597351.6380974922
450211,2023-05-03,382608.3960992273
450212,2024-03-14,556314.8096655315
450213,2024-02-16,602543.276652157
450214,2024-03-06,286727.09480350005
450215,2023-05-07,597453.065818212
450216,2024-02-18,570605.5396469036
450217,2023-07-07,533360.3163881664
450218,2023-08-07,600788.7571440617
450219,2024-02-23,269699.2107496712
450220,2024-05-22,550750.68382515
450221,2024-05-03,519739.7585358557
450222,2023-09-22,263666.1030286306
450223,2024-02-28,599593.4774024726
450224,2023-01-28,467775.72511454107
450225,2023-09-16,539052.7016513632
450226,2024-03-13,548907.3850499928
450227,2024-05-31,524464.7845198442
450228,2023-01-19,270759.06787219306
450229,2023-03-24,497162.1733651598
450230,2023-10-17,599546.5547456766
450231,2024-03-22,599056.703960857
450232,2023-06-23,420771.62418825936
450233,2022-12-27,503686.407237651
450234,2023-04-04,423517.67342239904
450235,2023-07-03,571277.4000548102
450236,2023-07-28,242512.34312734715
450237,2024-01-27,225508.38534598425
450238,2024-04-06,548799.7512741045
450239,2023-08-20,399491.42874846957
450240,2023-09-17,540049.2136324664
450241,2023-08-28,558021.0630320582
450242,2023-12-20,273453.36528129986
450243,2024-04-10,264289.7584500701
450244,2024-01-12,257491.97439691937
450245,2023-08-03,250130.37435531136
450246,2023-10-13,460482.56726362364
450247,2022-12-28,537225.6627328105
450248,2023-02-25,542766.9563492881
450249,2024-02-07,207455.36911934536
450250,2023-06-15,277439.0321002042
450251,2024-01-24,591123.6978793318
450252,2023-03-05,578700.2638604096
450253,2024-05-21,257101.55471317106
450254,2023-06-23,229139.25736999826
450255,2023-11-17,542867.3936165182
450256,2023-09-04,602042.6603354492
450257,2024-03-02,552857.0829817635
450258,2024-04-12,513459.27817358513
450259,2023-11-01,475746.90035118675
450260,2023-02-19,643684.5998363385
450261,2023-01-03,571032.7676358386
450262,2024-04-02,541158.488506501
450263,2023-11-22,575356.6342538631
450264,2024-03-14,583812.167199413
450265,2023-01-06,231928.770687369
450266,2023-04-23,550371.5590296232
450267,2023-12-02,219031.8797199749
450268,2022-12-12,248794.65869685277
450269,2023-01-26,509163.646451605
450270,2024-05-04,383803.1975563059
450271,2024-01-25,407606.8691868672
450272,2023-06-22,471275.3328048983
450273,2024-03-13,400072.4247136273
450274,2023-07-27,255363.5214070509
450275,2023-09-14,517006.9150828885
450276,2024-02-15,531624.7731564095
450277,2023-11-15,613241.0485195082
450278,2022-12-19,263706.79781844816
450279,2023-09-20,587900.7923614385
450280,2023-10-27,602612.8448679828
450281,2023-10-13,624308.3828362658
450282,2023-03-22,474950.646203609
450283,2024-04-14,230756.52862323757
450284,2024-04-05,519240.8017172489
450285,2023-06-27,679083.1056028077
450286,2023-12-01,213457.1055535566
450287,2023-04-06,249613.06122256484
450288,2024-05-09,626768.4687417223
450289,2023-02-10,286028.577168483
450290,2024-03-13,195490.80330055094
450291,2023-09-21,226362.63185126762
450292,2023-05-01,534138.2022014882
450293,2023-03-27,590121.64294292
450294,2024-04-10,586922.9910369288
450295,2024-02-25,195990.3394843008
450296,2023-05-23,559264.1435207657
450297,2023-07-17,512770.4432073871
450298,2024-02-09,560426.8062324806
450299,2023-12-19,529756.7552976938
450300,2023-06-14,483988.3023119153
450301,2024-03-15,276998.491743671
450302,2023-02-19,251869.4276622069
450303,2023-02-21,195732.02711860166
450304,2024-02-06,516219.89976350975
450305,2023-07-16,499579.0081909831
450306,2023-10-20,605732.375216257
450307,2024-04-14,553046.8979933993
450308,2023-10-04,610377.9011543546
450309,2024-05-04,283268.8306875952
450310,2024-03-05,426025.3361165607
450311,2023-06-01,603354.7313109594
450312,2023-08-01,217334.50473103893
450313,2023-08-12,449498.52153241745
450314,2023-04-12,417245.38227246556
450315,2024-04-17,524802.6905672357
450316,2023-12-20,540772.3786789307
450317,2023-05-27,508602.6513344185
450318,2023-06-16,524989.2464827667
450319,2023-06-08,617432.8013493683
450320,2024-03-10,458776.4281956607
450321,2024-03-27,562604.1445641802
450322,2024-04-20,236468.77773614397
450323,2024-02-17,213262.28468557584
450324,2023-11-21,612587.1475679255
450325,2024-01-27,274134.43006987905
450326,2023-12-26,508239.90837876865
450327,2023-03-27,559011.4916914639
450328,2023-09-21,537379.3029492822
450329,2023-07-31,634404.2898044194
450330,2023-01-15,256060.43166804643
450331,2023-09-22,559189.7305821456
450332,2024-01-28,257282.15664399878
450333,2024-04-26,430052.6973546851
450334,2023-08-23,479535.70936380356
450335,2024-05-29,243424.76850118156
450336,2024-05-23,271876.3688916952
450337,2024-03-29,516447.0087029145
450338,2023-05-31,196257.55847614686
450339,2023-12-17,617864.260363839
450340,2023-12-06,385200.22183414653
450341,2023-03-20,528156.8440418603
450342,2023-11-26,590877.4342136141
450343,2023-11-02,387862.05139551504
450344,2023-01-29,212935.23051066583
450345,2023-06-20,219897.663878063
450346,2024-06-21,553580.7346453192
450347,2024-03-06,277971.793502057
450348,2023-01-05,562750.999185034
450349,2023-03-31,528140.7860336584
450350,2024-02-22,533225.9184323252
450351,2023-07-24,496131.8905901639
450352,2023-10-27,420270.18756927754
450353,2023-07-12,518585.2672199121
450354,2024-01-11,541638.701364587
450355,2024-01-12,540284.1284671465
450356,2023-09-09,518403.7020648882
450357,2023-03-14,598704.9358442739
450358,2023-06-30,618897.0350440213
450359,2023-10-24,385893.3292880446
450360,2023-03-26,551003.6298415284
450361,2023-12-15,528760.1985470766
450362,2022-12-21,248484.02854475714
450363,2023-09-24,542318.6063789595
450364,2023-09-27,546353.2005978404
450365,2023-07-29,250951.15944887424
450366,2023-08-21,566331.6388177135
450367,2023-09-22,507919.6879634962
450368,2024-01-11,433286.85551919683
450369,2022-12-27,537025.543559101
450370,2023-01-29,504149.1819867153
450371,2023-06-21,226364.86949393046
450372,2023-02-14,582818.8946669867
450373,2023-04-23,482530.8040842568
450374,2023-01-20,587358.5080768996
450375,2024-03-09,290797.2131110332
450376,2024-02-19,265677.0696984075
450377,2023-03-25,575806.9537534204
450378,2023-12-01,574800.3568751472
450379,2024-04-10,525783.1262839545
450380,2023-12-27,424086.8057687357
450381,2023-09-20,476585.5814576304
450382,2023-06-11,221173.75626934206
450383,2023-11-05,229067.02668491725
450384,2023-04-24,203790.62265245474
450385,2023-09-12,281203.14808296476
450386,2024-06-14,469078.41187654267
450387,2023-04-06,525442.8520489708
450388,2023-12-08,510843.20387372794
450389,2023-10-18,500311.34173670365
450390,2023-09-21,246018.01957809742
450391,2022-12-24,216341.2535475031
450392,2024-03-29,390264.47730060533
450393,2024-05-20,538900.5968228595
450394,2023-09-23,224537.28961590672
450395,2023-09-02,207368.3855040258
450396,2023-07-04,254076.70712682066
450397,2023-02-10,485137.7337085434
450398,2023-06-25,200425.24737969675
450399,2024-05-05,512933.8554640103
450400,2023-10-31,278957.8196526287
450401,2024-05-23,595291.1101417795
450402,2023-02-01,233983.46719722135
450403,2024-03-01,272912.54799963493
450404,2024-03-22,543902.4884659798
450405,2023-08-25,507073.47392134805
450406,2024-05-06,644805.240169601
450407,2023-03-10,527818.125416733
450408,2023-12-14,416615.3607524701
450409,2023-12-28,605666.3495661359
450410,2023-01-04,530535.4894347009
450411,2023-04-28,511839.43603145255
450412,2024-05-08,541230.6146158383
450413,2023-03-29,208313.50400692847
450414,2023-05-09,566760.2027552648
450415,2024-01-23,607035.1600214876
450416,2023-05-14,212337.07992635417
450417,2023-08-11,513507.3423176538
450418,2023-01-08,552769.7768846733
450419,2023-03-06,508201.86819717253
450420,2023-03-21,243262.1758679989
450421,2024-01-22,597435.229047257
450422,2023-02-04,238550.10407893523
450423,2023-11-17,536408.0469660664
450424,2022-12-16,250645.8825120488
450425,2023-04-10,539905.4350328763
450426,2023-02-06,575487.6341542864
450427,2022-12-20,266987.9445388204
450428,2023-06-23,268203.8764050617
450429,2023-06-22,482573.9610544893
450430,2024-03-25,555209.1072570726
450431,2024-06-01,502605.44413578237
450432,2023-12-18,266350.64983637177
450433,2023-10-30,422508.8923408837
450434,2024-05-24,541096.7947643511
450435,2023-01-12,457513.6005909294
450436,2022-12-20,256008.79682348098
450437,2023-12-14,492412.04521179333
450438,2023-03-24,519851.9235297322
450439,2023-02-06,545213.9853439806
450440,2023-12-10,385955.8868166578
450441,2023-02-08,564974.1354864803
450442,2022-12-15,546214.1010080241
450443,2023-12-31,559430.867025749
450444,2023-02-15,524928.0206383938
450445,2023-05-25,470817.23820039874
450446,2023-07-01,303561.1352410961
450447,2023-05-08,221734.6522893799
450448,2022-12-28,213648.06022248647
450449,2022-12-25,450576.59756309754
450450,2024-03-28,686345.5994257556
450451,2023-12-21,274096.46380867716
450452,2024-01-03,271302.9134799825
450453,2024-05-12,236421.8637281806
450454,2023-10-14,212875.7415555663
450455,2023-06-09,607400.521488846
450456,2023-08-29,219070.79553211344
450457,2023-05-22,559460.0142756071
450458,2023-06-27,219359.92755153216
450459,2024-04-05,270823.9610803833
450460,2023-08-28,597692.8447206266
450461,2023-06-08,287859.09936288925
450462,2024-05-30,463081.9386460691
450463,2023-02-07,600880.9444064589
450464,2023-12-01,539491.9465801327
450465,2024-04-02,588707.0358962868
450466,2023-03-04,610050.8937680403
450467,2023-02-22,245668.79406869053
450468,2024-02-29,204565.49272954953
450469,2023-05-11,489300.47048039566
450470,2023-08-04,550377.4928385956
450471,2024-03-07,571718.0692564286
450472,2024-05-11,273827.69146735326
450473,2024-03-15,468350.9939721145
450474,2023-03-11,531953.3832236432
450475,2024-02-07,530435.5753178129
450476,2024-02-24,608908.9493062185
450477,2023-03-27,594894.84949059
450478,2023-12-07,616911.9005045306
450479,2024-04-20,536394.4506105792
450480,2024-03-19,507601.0008158764
450481,2024-05-13,512381.548413136
450482,2023-04-12,474927.15667609056
450483,2024-06-01,543319.7256739642
450484,2024-01-27,617398.1959588035
450485,2023-08-21,252949.06534133505
450486,2023-01-19,481828.75588659046
450487,2024-04-21,491509.95457409485
450488,2023-03-22,284688.8053643387
450489,2023-07-15,233125.46580199644
450490,2024-02-19,499045.2282177131
450491,2024-04-10,550310.3131378692
450492,2023-11-05,640280.0045610943
450493,2023-02-06,192714.01520713326
450494,2023-09-04,226231.9754579152
450495,2023-11-19,521932.6448357257
450496,2024-05-09,436330.60957343184
450497,2023-07-13,218584.18225712312
450498,2023-02-05,209589.04293790314
450499,2023-01-15,267396.7910196156
450500,2023-01-14,609370.8071892784
450501,2023-07-08,250840.12845274308
450502,2023-05-24,529024.3109638435
450503,2023-04-18,195166.22564358157
450504,2023-11-14,476885.9746515107
450505,2023-09-06,472120.94365497224
450506,2024-03-27,213457.78706139573
450507,2023-12-16,217867.44792615078
450508,2023-12-24,547155.9890041706
450509,2023-04-12,410688.585507114
450510,2023-11-04,580825.3323516924
450511,2023-09-24,505794.3558586168
450512,2022-12-24,388090.4384177075
450513,2024-05-28,571332.2910845302
450514,2023-04-01,539916.2703163435
450515,2023-02-20,540363.3813217093
450516,2024-02-01,521712.79874024086
450517,2023-06-12,508627.845662634
450518,2023-02-18,289900.1515793036
450519,2024-03-11,537200.9547862677
450520,2023-09-23,378252.8878843217
450521,2024-05-13,419970.41648635
450522,2024-03-23,542622.2899420362
450523,2023-11-26,619853.2594954588
450524,2023-08-01,586640.4512270814
450525,2023-02-19,259253.6659087811
450526,2024-02-24,516761.0734549192
450527,2024-03-31,638273.6068665062
450528,2024-06-05,510505.61472467333
450529,2024-02-01,495208.3811902393
450530,2023-08-04,516364.64970654197
450531,2023-05-28,277090.3238647502
450532,2023-07-14,526147.6792361923
450533,2023-09-22,508927.0943979471
450534,2023-07-07,544386.2532923883
450535,2023-02-22,502110.7246914805
450536,2024-02-02,237898.0346896542
450537,2023-07-17,494542.7991621883
450538,2024-01-09,605605.981099627
450539,2023-12-07,240327.28761631798
450540,2023-06-18,214939.0747798054
450541,2023-05-21,452019.21869533235
450542,2022-12-31,593772.6526483004
450543,2023-01-12,258592.69990888357
450544,2024-02-22,569026.5827208747
450545,2023-10-12,542187.4584904577
450546,2023-10-06,513389.5370323368
450547,2023-03-07,582761.9347225095
450548,2024-01-12,523820.8099131865
450549,2024-04-21,263564.8633135088
450550,2023-12-05,624505.9378101944
450551,2024-03-04,506416.4888338168
450552,2023-12-27,444586.7531394227
450553,2024-03-02,458832.90855064616
450554,2024-02-26,241899.2413143385
450555,2023-10-20,558021.5410012676
450556,2023-08-10,303841.50835075125
450557,2023-05-22,427602.3205083631
450558,2023-03-29,504054.15702205966
450559,2024-01-24,375716.18404415075
450560,2022-12-12,606131.0643450606
450561,2023-12-19,252580.2794852812
450562,2023-10-07,286698.1281144037
450563,2023-06-05,488802.1231852645
450564,2023-11-05,479372.9347744488
450565,2023-09-15,622543.7114373716
450566,2024-04-21,228421.6451867369
450567,2022-12-27,264252.90227711305
450568,2024-05-04,553336.8120052713
450569,2024-02-18,571344.4538920656
450570,2023-10-23,300233.46758681943
450571,2023-03-31,199199.77233413965
450572,2023-10-24,210361.72431583892
450573,2023-06-02,597601.271408515
450574,2023-05-29,222499.8396030891
450575,2023-02-27,219153.1724957131
450576,2024-03-03,281871.98136897484
450577,2023-03-08,588988.2532520781
450578,2023-10-19,617827.9287648001
450579,2023-09-15,249199.2944017118
450580,2023-04-25,570882.0647140217
450581,2023-10-24,450276.9218464347
450582,2023-12-09,637317.5628098146
450583,2023-02-28,248399.78510410647
450584,2023-11-25,480496.72346536285
450585,2023-03-18,251180.27807558444
450586,2024-06-06,218657.81256534084
450587,2023-08-20,208344.7176389745
450588,2023-05-09,258309.14299093108
450589,2023-08-26,292952.93547495495
450590,2024-01-15,232817.76061308337
450591,2023-04-30,296359.6024654532
450592,2024-01-19,438091.4495941608
450593,2024-01-25,248618.98069867096
450594,2023-11-28,543991.4661674001
450595,2023-01-27,441530.45040699677
450596,2023-01-28,532364.2222614192
450597,2023-05-16,556861.726667989
450598,2023-09-03,428501.609594664
450599,2023-02-06,554722.5943229349
450600,2024-01-19,598930.767666057
450601,2023-11-30,543144.758560071
450602,2024-03-29,207884.29778996814
450603,2023-01-11,284404.68792472186
450604,2023-11-28,430638.1985480415
450605,2024-02-08,645534.567262436
450606,2024-02-10,297317.6644484343
450607,2024-06-14,221134.52905641598
450608,2024-04-18,502662.14858476195
450609,2024-04-06,644398.7618545078
450610,2023-09-06,439297.67685652035
450611,2024-04-30,614025.8463563102
450612,2023-05-17,554523.2061995869
450613,2023-01-29,659247.5614961374
450614,2023-08-16,595426.1521152796
450615,2023-03-31,604341.4735567886
450616,2023-12-20,609955.9744422663
450617,2024-05-03,235337.19337132276
450618,2023-12-24,577348.4927413417
450619,2023-06-22,535321.9077716672
450620,2023-06-29,450619.268096991
450621,2023-04-05,392972.79136225756
450622,2024-06-10,502232.0419360626
450623,2024-05-29,414689.79909107595
450624,2023-10-21,531007.238035714
450625,2023-04-10,598093.5753229621
450626,2023-09-14,493293.3879634382
450627,2024-02-24,195714.6035041422
450628,2023-06-29,535004.2691366288
450629,2023-10-03,217881.56830242948
450630,2023-02-16,569783.5405965089
450631,2023-09-06,268182.3713692692
450632,2024-05-28,521231.80318234855
450633,2023-01-27,413229.1022704929
450634,2023-08-08,564694.4972307268
450635,2024-05-21,251649.4459383417
450636,2022-12-22,431849.718061507
450637,2023-11-07,308631.86944397236
450638,2023-03-01,188124.0180850687
450639,2023-12-18,288307.9173131734
450640,2023-04-27,491219.99683913373
450641,2023-04-23,267702.31212614453
450642,2024-04-04,485414.5288863285
450643,2024-05-23,578427.2108394238
450644,2023-09-19,211453.08660495994
450645,2023-03-25,247647.77184545345
450646,2023-05-25,596726.5315978891
450647,2024-03-01,207048.65437163506
450648,2023-07-14,493241.07944783074
450649,2023-10-25,597447.1197858527
450650,2023-01-23,522171.419001331
450651,2024-02-15,466766.57843249006
450652,2024-05-10,204493.86912272355
450653,2023-08-17,200117.18775367882
450654,2023-12-01,581253.4799745826
450655,2023-06-05,575936.8355459563
450656,2022-12-27,522481.9198014352
450657,2023-10-15,646805.1693624909
450658,2023-02-07,553723.4856622084
450659,2024-02-08,616614.7817034709
450660,2024-01-01,493542.8224013902
450661,2023-08-15,520953.82611973514
450662,2022-12-30,490893.09553257574
450663,2023-07-24,502090.7408703282
450664,2024-03-25,663234.8960696487
450665,2023-06-07,557205.4420139835
450666,2023-08-14,573890.8414071127
450667,2023-02-01,249476.1393169002
450668,2023-02-04,250096.2117572585
450669,2023-01-14,255820.6012084057
450670,2024-05-29,265030.865270346
450671,2023-10-27,426882.01239864004
450672,2024-01-17,517050.84599710634
450673,2023-06-03,289182.92625086894
450674,2024-05-23,199691.5217772293
450675,2023-09-18,394935.91715676174
450676,2023-07-08,523492.47265754035
450677,2023-05-10,255832.15401508863
450678,2022-12-21,506978.8552105994
450679,2023-12-05,535658.5845204635
450680,2024-02-27,527999.7082048606
450681,2023-09-29,469379.9321224997
450682,2023-01-05,194105.63061454627
450683,2023-05-10,602254.8580767078
450684,2024-02-13,601130.5454508363
450685,2024-01-04,403172.4978096548
450686,2023-10-25,285423.45930877293
450687,2024-02-28,600622.5268931659
450688,2024-01-22,524895.4840498744
450689,2023-12-25,200020.24778704293
450690,2023-10-21,196048.9446354894
450691,2023-01-05,268476.05578702583
450692,2023-12-20,559895.6140722479
450693,2023-06-19,542763.8320797221
450694,2023-12-29,550847.4963878291
450695,2023-10-06,245483.99064702704
450696,2024-06-06,528125.2017890087
450697,2023-09-05,554723.4597863582
450698,2024-01-01,209387.50939613444
450699,2024-06-17,577271.16649391
450700,2023-11-25,289603.2123973736
450701,2022-12-29,233151.54466657664
450702,2023-09-14,192795.95588974035
450703,2023-10-22,513731.82421694923
450704,2024-01-07,497882.1151018141
450705,2023-07-07,465963.4831918819
450706,2023-03-07,495938.7469238709
450707,2023-09-09,484719.63435752405
450708,2024-02-12,401124.4219209317
450709,2024-01-08,589023.9450115983
450710,2023-05-09,637420.5268668967
450711,2024-05-06,630030.5920862474
450712,2023-10-09,440227.33142557763
450713,2023-11-21,232278.65317465298
450714,2023-05-12,213489.09781163966
450715,2023-04-26,442109.11616000195
450716,2024-02-08,550306.0913635404
450717,2024-06-10,264120.31684472394
450718,2023-06-04,513185.19966557267
450719,2023-11-29,484287.83402877825
450720,2024-01-28,645382.4798313031
