Nota,DataEmissao,ValorFaturado,Tipo pagamento
885522,2024-01-06,648937.199473026,a prazo
885523,2024-02-14,588968.814927856,a vista
885524,2024-01-05,220788.138400038,a prazo
885525,2024-02-10,484838.086570019,a prazo
885526,2024-01-12,441307.491708091,a prazo
885527,2024-02-08,244206.606308765,a prazo
885528,2024-01-07,525959.972055419,a vista
885529,2024-02-11,528005.672094329,a prazo
885530,2024-01-15,638497.537041358,a prazo
885531,2024-02-16,623415.453513202,a prazo
885532,2024-01-17,227605.407167309,a vista
885533,2024-02-16,486270.971853234,a vista
885534,2024-01-11,588344.545924929,a vista
885535,2024-02-16,227142.316897486,a prazo
885536,2024-01-15,472071.508058491,a prazo
885537,2024-02-15,657806.19565976,a vista
885538,2024-01-13,645853.101821352,a prazo
885539,2024-02-23,544755.21981932,a prazo
885540,2024-01-15,316630.845164632,a prazo
885541,2024-02-18,475348.439107715,a vista
885542,2024-01-16,509818.455104319,a prazo
885543,2024-02-24,256282.503876853,a prazo
885544,2023-11-30,284393.678521649,a prazo
885545,2023-07-23,281844.68584568,a vista
885546,2023-08-10,289206.240748492,a prazo
885548,2023-09-27,610902.311672203,a prazo
885549,2023-09-23,552132.162793542,a vista
885550,2024-04-17,274746.426980131,a prazo
885551,2023-07-24,325665.656025214,a prazo
885552,2023-02-20,210457.526343499,a vista
885553,2024-05-20,581711.572748388,a prazo
885554,2023-05-10,312666.605791193,a vista
885555,2024-02-23,479973.761325728,a prazo
885556,2024-04-20,293448.902641287,a vista
885557,2023-05-02,652550.107637639,a prazo
885558,2023-09-16,572363.673277755,a prazo
885559,2023-06-04,241374.568636352,a prazo
885560,2024-07-01,298517.605210588,a prazo
885561,2024-04-01,283192.932157613,a prazo
885562,2024-01-06,498430.775090134,a prazo
885563,2023-09-29,501970.074508958,a vista
885564,2023-03-27,628793.934238497,a prazo
885565,2023-02-14,528841.401037693,a prazo
885566,2023-11-05,426362.022732542,a prazo
885567,2024-06-16,587083.446818807,a prazo
885568,2023-10-28,528876.99540044,a prazo
885569,2023-10-17,642769.925404558,a prazo
885570,2024-05-14,566142.274674281,a prazo
885571,2023-09-23,272710.778173287,a prazo
885572,2024-05-16,611800.853669399,a vista
885573,2023-09-03,273044.91313174,a prazo
885574,2023-06-18,295486.920759891,a vista
885575,2023-07-04,249871.420467823,a prazo
885576,2024-02-20,311230.998035672,a prazo
885577,2023-05-20,600001.575521494,a prazo
885578,2024-01-09,595179.284181479,a prazo
885579,2023-04-15,571860.702888698,a prazo
885580,2024-07-07,452426.7675404,a prazo
885581,2024-04-14,620219.040806631,a vista
885582,2023-03-05,292314.267651424,a prazo
885583,2023-09-04,555019.876865674,a prazo
885584,2023-08-28,531169.522518532,a prazo
885585,2023-08-07,422267.750044766,a prazo
885586,2024-01-14,264980.137440586,a prazo
885587,2023-08-26,569909.977253944,a prazo
885588,2023-06-05,556777.610622219,a prazo
885589,2023-03-14,295181.028811613,a prazo
885590,2023-04-28,277783.991047381,a prazo
885591,2024-02-28,603642.044362901,a vista
885592,2023-04-28,611458.451779207,a prazo
885593,2023-05-20,269335.829775413,a prazo
885594,2023-10-12,227048.570593024,a prazo
885595,2024-02-05,621572.87378402,a prazo
885596,2024-03-20,294157.079186851,a prazo
885597,2023-07-23,594124.869316971,a prazo
885598,2023-06-10,290046.025050794,a prazo
885599,2023-04-13,567961.947889605,a prazo
885600,2024-04-24,501162.920280762,a prazo
885601,2023-11-04,528889.962627994,a prazo
885602,2023-05-31,513651.210865874,a prazo
885603,2023-04-27,675896.158800955,a vista
885604,2024-06-10,216993.449233344,a vista
885605,2023-01-28,292430.328521603,a prazo
885606,2024-05-14,430409.496437301,a prazo
885607,2023-08-18,678461.863986329,a vista
885608,2023-04-29,508175.881210932,a vista
885609,2023-03-19,219042.897121566,a prazo
885610,2023-12-22,250225.042292067,a prazo
885611,2024-01-23,221530.133331728,a prazo
885612,2024-04-23,591562.481153915,a vista
885613,2023-08-23,286440.834980639,a prazo
885614,2023-02-22,264360.298764757,a prazo
885615,2023-09-23,559716.894594713,a prazo
885616,2024-01-12,685216.195291735,a vista
885617,2023-04-23,317919.381090845,a prazo
885618,2024-02-29,548529.704416864,a vista
885619,2024-03-30,593371.698657661,a prazo
885620,2024-04-23,523163.791180664,a prazo
885621,2023-04-26,482797.412112743,a vista
885622,2023-03-25,242150.341683425,a prazo
885623,2023-01-26,313200.049194214,a prazo
885624,2023-06-22,459263.807854745,a prazo
885625,2024-04-21,593134.965984988,a vista
885626,2024-03-09,306463.992044718,a prazo
885627,2023-04-15,650132.749379863,a prazo
885628,2023-06-07,509434.624302594,a prazo
885629,2023-09-27,602541.548766836,a vista
885630,2024-01-16,555489.317412063,a vista
885631,2024-07-04,576847.870737721,a vista
885632,2023-05-22,234786.380182832,a prazo
885633,2023-05-12,221402.074356086,a prazo
885634,2023-10-16,556641.477370217,a vista
885635,2023-09-11,639495.249814299,a vista
885636,2023-10-27,585744.127240928,a vista
885637,2023-09-10,685005.127640084,a prazo
885638,2023-06-23,299963.092653396,a prazo
885639,2023-08-28,647125.422839786,a prazo
885640,2023-04-15,591353.619841973,a prazo
885641,2024-05-17,647178.572745021,a prazo
885642,2024-03-10,249098.764427278,a prazo
885643,2023-08-13,463620.617800187,a vista
885644,2024-02-11,245375.028990399,a vista
885645,2024-06-28,258107.424884506,a prazo
885646,2023-05-27,693129.838205452,a prazo
885647,2023-04-23,238613.950655623,a prazo
885648,2024-02-21,264645.241716131,a vista
885649,2024-06-03,610479.657160345,a prazo
885650,2023-11-23,550737.615173884,a prazo
885651,2023-08-11,641508.113664147,a prazo
885652,2024-03-27,584986.347372378,a prazo
885653,2023-10-07,575005.088784397,a prazo
885654,2024-04-02,265223.878719363,a prazo
885655,2023-07-30,486152.937934192,a prazo
885656,2023-04-30,590204.827691152,a prazo
885657,2023-10-23,236807.131372896,a vista
885658,2023-05-18,286150.326020139,a prazo
885659,2024-04-04,312341.226754281,a prazo
885660,2023-09-23,245232.585253811,a prazo
885661,2023-07-15,236375.091947463,a prazo
885662,2023-10-22,282037.684172632,a prazo
885663,2024-05-12,262985.245083593,a prazo
885664,2023-12-05,264310.497215472,a prazo
885665,2023-02-10,299706.815225377,a prazo
885666,2023-04-20,258178.332286809,a prazo
885667,2023-02-21,258703.989215522,a prazo
885668,2023-03-15,638739.884826074,a vista
885669,2024-04-28,712440.532157486,a prazo
885670,2023-11-08,534348.646998402,a prazo
885671,2023-01-18,543432.287857954,a prazo
885672,2024-03-13,685867.013047861,a prazo
885673,2023-07-25,633863.3248466,a prazo
885674,2023-05-09,234817.291085794,a prazo
885675,2023-02-27,630136.702748145,a prazo
885676,2023-03-04,571753.93922214,a prazo
885677,2024-06-27,487269.156793148,a prazo
885678,2024-03-19,642552.451374193,a prazo
885679,2023-06-01,432588.415934592,a vista
885680,2023-04-10,632919.555509502,a prazo
885681,2023-09-12,292510.98443531,a prazo
885682,2024-05-15,528657.340108423,a vista
885683,2023-07-20,258477.435986846,a prazo
885684,2024-02-12,257623.069086668,a prazo
885685,2023-02-14,513594.433867658,a prazo
885686,2023-07-29,636373.833994663,a vista
885687,2023-10-09,444572.234454706,a prazo
885688,2024-03-09,553068.678988818,a prazo
885689,2023-11-21,235390.418648014,a vista
885690,2023-10-22,604179.974653744,a prazo
885691,2024-06-18,305873.036267678,a prazo
885692,2023-01-17,245354.074873544,a prazo
885693,2023-08-26,593456.921514737,a prazo
885694,2023-11-05,473698.513977999,a prazo
885695,2023-10-06,257797.764849264,a prazo
885696,2024-07-05,290449.725546297,a prazo
885697,2023-11-20,630101.980342511,a prazo
885698,2023-11-18,234730.666821055,a prazo
885699,2023-02-19,531204.128431019,a prazo
885700,2024-06-18,235878.53655307,a prazo
885701,2023-04-15,560941.684717069,a prazo
885702,2023-11-21,240565.421633651,a prazo
885703,2024-04-19,608686.470756281,a prazo
885704,2023-06-09,634953.200105846,a prazo
885705,2023-04-01,622929.318185385,a prazo
885706,2023-07-29,588319.553085969,a prazo
885707,2023-09-06,650583.818416124,a vista
885708,2023-09-18,292139.573800104,a prazo
885709,2023-12-27,464109.242450438,a vista
885710,2023-04-16,441301.672337419,a prazo
885711,2024-05-26,604708.841844366,a prazo
885712,2023-09-18,667390.45176114,a prazo
885713,2023-07-24,219653.3086624,a prazo
885714,2024-01-03,250399.483241347,a prazo
885715,2023-02-06,233998.135103508,a vista
885716,2023-05-22,222055.255740274,a prazo
885717,2023-07-03,281385.372159966,a prazo
885718,2024-06-05,538911.978126374,a vista
885719,2023-08-16,602604.883845571,a prazo
885720,2023-02-06,615741.702182054,a prazo
885721,2024-05-03,258997.579440878,a prazo
885722,2024-04-02,552366.635656669,a prazo
885723,2024-06-23,228046.828400867,a prazo
885724,2023-05-24,614425.628965105,a prazo
885725,2023-01-08,277248.762639244,a prazo
885726,2024-04-24,444440.985432894,a prazo
885727,2024-02-15,601513.000571033,a prazo
885728,2024-04-19,559732.82793449,a prazo
885729,2023-06-04,544202.772642742,a prazo
885730,2023-09-18,532649.888234974,a prazo
885731,2023-02-19,501523.657127522,a prazo
885732,2023-11-07,257187.801730942,a prazo
885733,2023-12-31,561237.270576226,a vista
885734,2024-06-11,267753.70291146,a prazo
885735,2024-06-03,569476.098824997,a prazo
885736,2024-01-16,429398.339122846,a prazo
885737,2023-07-04,504965.176354527,a prazo
885738,2023-10-21,229661.700520697,a prazo
885739,2023-01-12,243301.513851406,a prazo
885740,2023-07-29,461808.241594963,a vista
885741,2023-11-02,477703.311284855,a prazo
885742,2023-03-29,268542.527664439,a vista
885743,2023-10-26,283513.86621562,a prazo
885744,2024-02-03,642342.452848665,a prazo
885745,2023-08-02,665701.350005597,a vista
885746,2023-04-01,259915.66841623,a prazo
885747,2023-12-31,599601.717535648,a vista
885748,2023-04-19,255989.38114711,a vista
885749,2023-03-05,640926.468496011,a prazo
885750,2023-10-01,610400.98066027,a vista
885751,2023-10-09,235795.75568782,a prazo
885752,2023-06-24,541957.755687144,a prazo
885753,2024-05-10,535155.673173441,a prazo
885754,2023-03-05,286131.381583908,a prazo
885755,2024-07-01,489461.427315945,a prazo
885756,2024-02-02,453682.137510984,a vista
885757,2023-04-02,595379.374324825,a vista
885758,2023-02-27,217989.450242019,a prazo
885759,2023-05-11,292920.994746546,a prazo
885760,2023-08-21,576950.694094129,a prazo
885761,2023-09-04,115.0,a vista
885762,2024-06-24,288514.294861204,a vista
885763,2023-03-01,294919.563474199,a prazo
885764,2023-06-06,659350.559414602,a prazo
885765,2024-04-05,539585.2420099,a prazo
885766,2024-03-30,657462.549221532,a prazo
885767,2024-03-23,484719.502562285,a prazo
885768,2024-01-12,603446.019484843,a prazo
885769,2024-04-24,586378.121102626,a prazo
885770,2023-04-08,555130.24127779,a prazo
885771,2024-01-31,428652.765459272,a prazo
885772,2024-05-19,432274.579166647,a prazo
885773,2023-03-02,561936.031028769,a prazo
885774,2023-01-16,577769.158880741,a prazo
885775,2024-04-13,668576.164963092,a prazo
885776,2024-03-02,698539.141492675,a prazo
885777,2023-09-22,620564.501344321,a prazo
885778,2023-12-08,578316.403573693,a prazo
885779,2023-09-02,294469.588017043,a prazo
885780,2023-03-18,277795.64856175,a prazo
885781,2023-02-24,595868.61665873,a prazo
885782,2024-04-11,206529.554206529,a prazo
885783,2024-05-06,222876.72947793,a prazo
885784,2023-12-26,511396.50937375,a prazo
885785,2023-03-17,639758.231809664,a vista
885786,2024-02-20,254905.85877402,a vista
885787,2024-04-16,671071.511864996,a prazo
885788,2023-08-22,268176.674868769,a prazo
885789,2024-01-10,537803.064506531,a prazo
885790,2023-08-11,711587.457131283,a prazo
885791,2023-02-27,606598.469494409,a vista
885792,2023-08-14,483465.27635774,a prazo
885793,2023-12-24,512579.244536195,a prazo
885794,2023-08-05,581387.386515043,a prazo
885795,2024-03-05,259532.286455362,a vista
885796,2023-12-31,281425.349290521,a prazo
885797,2024-04-08,277932.894283535,a prazo
885798,2023-06-30,536768.371581411,a prazo
885799,2023-05-01,610075.081572898,a vista
885800,2023-06-19,261284.83054919,a prazo
885801,2024-05-05,641891.308142335,a vista
885802,2023-11-17,686772.477244983,a prazo
885803,2023-06-30,591586.680898598,a prazo
885804,2023-12-08,509005.224231035,a vista
885805,2023-11-01,550320.348507464,a prazo
885806,2023-10-13,290123.286210089,a vista
885807,2023-03-21,515137.088834535,a prazo
885808,2024-02-01,582576.605015361,a prazo
885809,2023-11-02,595037.046392572,a prazo
885810,2023-05-12,636851.739080001,a prazo
885811,2023-03-25,651654.01803913,a prazo
885812,2024-01-10,222557.381046325,a prazo
885813,2023-12-25,648581.043095111,a vista
885814,2024-07-01,671036.235406032,a prazo
885815,2023-03-03,691015.80495678,a prazo
885816,2024-01-24,530389.744444535,a prazo
885817,2024-02-27,565406.988761259,a prazo
885818,2024-02-16,287380.916955445,a prazo
885819,2024-01-30,211456.924549812,a prazo
885820,2023-10-22,589079.932044853,a prazo
885821,2023-06-07,425124.225509075,a prazo
885822,2024-04-30,250781.242112319,a vista
885823,2024-06-04,302520.432073334,a prazo
885824,2023-07-25,511918.093494056,a prazo
885825,2023-12-23,627171.782863867,a prazo
885826,2024-06-19,458895.721307811,a vista
885827,2024-06-10,565285.194077374,a prazo
885828,2023-02-06,287295.503112944,a prazo
885829,2023-10-08,461850.725353249,a vista
885830,2023-06-23,542603.82625652,a prazo
885831,2023-02-21,635522.848525737,a prazo
885832,2023-11-09,686819.667768483,a prazo
885833,2023-10-17,628905.969383829,a vista
885834,2023-02-05,238304.905257355,a prazo
885835,2023-04-13,556749.225823768,a prazo
885836,2024-03-22,309590.480539117,a prazo
885837,2024-01-01,667633.410064998,a vista
885838,2024-04-21,553500.581478559,a prazo
885839,2024-05-12,669355.414580325,a prazo
885840,2024-06-24,584906.869283195,a prazo
885841,2023-02-18,551361.076341916,a vista
885842,2023-07-17,550529.861401691,a vista
885843,2023-12-28,647293.863989606,a vista
885844,2023-10-05,292496.864627576,a prazo
885845,2024-01-07,558301.203497694,a prazo
885846,2024-01-29,274239.514172809,a prazo
885847,2023-05-08,521331.164864115,a prazo
885848,2023-09-13,638693.898638543,a prazo
885849,2024-05-24,258387.512954302,a prazo
885850,2023-05-12,550571.068396044,a prazo
885851,2023-04-17,640262.542648169,a vista
885852,2023-10-15,480921.204252727,a prazo
885853,2023-01-27,586238.812927635,a prazo
885854,2023-08-07,535157.288135303,a prazo
885855,2024-01-05,450735.49477794,a vista
885856,2023-10-07,633904.44126701,a prazo
885857,2024-05-25,694805.152663108,a prazo
885858,2024-07-03,578934.464612682,a prazo
885859,2024-05-16,253430.393278849,a prazo
885860,2023-04-07,617354.196557671,a prazo
885861,2024-05-29,620446.465731509,a vista
885862,2024-06-04,514637.567828019,a prazo
885863,2023-05-17,436489.799239335,a prazo
885864,2024-05-08,572858.114259008,a vista
885865,2023-01-28,573004.18105182,a vista
885866,2023-06-23,264524.55807012,a vista
885867,2023-08-31,443907.005597797,a prazo
885868,2023-07-31,269487.585535618,a prazo
885869,2024-01-01,260573.48709005,a vista
885870,2023-01-07,303845.641334677,a vista
885871,2023-04-19,704548.630043756,a prazo
885872,2024-01-09,258328.304846066,a vista
885873,2023-10-21,515499.75539267,a prazo
885874,2023-01-29,588038.017204758,a prazo
885875,2024-05-17,598019.054543564,a prazo
885876,2023-05-04,565854.511837203,a prazo
885877,2024-01-15,587775.268802619,a prazo
885878,2023-11-08,659210.413195518,a prazo
885879,2024-06-21,652394.95531836,a prazo
885880,2023-09-10,522614.991802067,a prazo
885881,2023-06-12,596036.015580288,a prazo
885882,2023-04-02,515606.0697524,a prazo
885883,2024-05-05,646794.295197378,a vista
885884,2023-10-10,227050.747493754,a prazo
885885,2023-10-04,308080.251327948,a prazo
885886,2024-04-07,553598.790618948,a prazo
885887,2024-04-04,677752.471508379,a prazo
885888,2023-10-29,532124.980171973,a prazo
885889,2024-06-29,612364.83107746,a prazo
885890,2024-05-23,597055.111732968,a prazo
885891,2024-02-14,230523.360656004,a prazo
885892,2023-12-18,300525.05127909,a prazo
885893,2023-08-07,242573.604102722,a prazo
885894,2023-12-20,303888.566110161,a prazo
885895,2024-03-13,303693.860146358,a prazo
885896,2024-07-02,240875.964893304,a prazo
885897,2023-07-29,449211.440600831,a prazo
885898,2023-04-18,479658.897097279,a prazo
885899,2024-06-11,582193.360263585,a prazo
885900,2023-01-27,289055.902641689,a prazo
885901,2024-02-19,648243.494444029,a prazo
885902,2024-06-06,582408.774866987,a prazo
885903,2024-04-06,612929.163981087,a prazo
885904,2024-06-17,292363.654125727,a prazo
885905,2024-03-04,615862.267867445,a prazo
885906,2024-01-18,510545.51618769,a vista
885907,2023-02-08,562050.75921589,a prazo
885908,2024-01-28,322713.259977759,a prazo
885909,2023-03-17,272974.426278957,a prazo
885910,2023-11-14,480667.052865258,a prazo
885911,2023-04-18,614323.089948935,a prazo
885912,2024-03-24,503681.559015504,a prazo
885913,2023-09-15,599241.37083737,a prazo
885914,2024-01-04,437557.909502344,a prazo
885915,2024-02-21,633293.145317022,a vista
885916,2023-02-11,275680.541578965,a prazo
885917,2023-08-04,678709.087928216,a prazo
885918,2024-01-19,260231.062840432,a vista
885919,2024-06-07,607573.040318529,a vista
885920,2023-06-22,681646.574432742,a vista
885921,2023-06-28,651346.623479393,a prazo
885922,2023-12-30,558341.743801585,a prazo
885923,2023-08-25,704453.304261121,a prazo
885924,2023-11-12,265455.530969876,a prazo
885925,2023-11-04,251802.581519816,a prazo
885926,2023-06-06,655031.567414196,a prazo
885927,2023-02-11,630776.999493097,a prazo
885928,2024-03-01,551860.417292784,a vista
885929,2023-12-03,570787.076949767,a prazo
885930,2023-10-13,418476.35068996,a prazo
885931,2023-11-16,640662.564496657,a prazo
885932,2024-03-06,568947.615248832,a prazo
885933,2023-10-28,288238.276184138,a vista
885934,2023-05-28,598079.434453436,a prazo
885935,2024-03-23,559883.344797494,a prazo
885936,2024-02-29,553908.277283564,a vista
885937,2023-06-06,488650.203041683,a prazo
885938,2024-02-13,477310.786014957,a prazo
885939,2023-02-21,501543.600524799,a prazo
885940,2024-02-07,230258.014331279,a prazo
885941,2024-07-03,463011.704978101,a prazo
885942,2023-04-08,260963.459832926,a prazo
885943,2023-03-13,697529.514877156,a prazo
885944,2023-11-27,259519.859910556,a vista
885945,2023-10-26,426051.036127614,a prazo
885946,2023-01-30,259688.413966886,a prazo
885947,2023-03-19,253844.939871427,a prazo
885948,2023-05-08,558914.45722672,a prazo
885949,2023-12-08,504394.517369341,a vista
885950,2023-08-27,535884.610523649,a prazo
885951,2023-03-07,236761.178621672,a prazo
885952,2023-02-22,279215.904835815,a prazo
885953,2024-02-18,299357.663321778,a vista
885954,2024-05-31,328211.338791354,a prazo
885955,2024-07-02,583985.160955021,a prazo
885956,2023-02-28,212343.02452994,a vista
885957,2023-04-19,644768.451188638,a prazo
885958,2023-11-06,551014.84745983,a prazo
885959,2023-12-16,469746.984852339,a prazo
885960,2023-06-26,253201.353210738,a vista
885961,2023-04-17,322178.046047849,a prazo
885962,2024-04-05,230701.426381074,a prazo
885963,2024-03-08,561038.081708479,a vista
885964,2024-03-14,572725.642606993,a prazo
885965,2023-10-09,554805.83817765,a prazo
885966,2024-01-12,548822.652878171,a prazo
885967,2023-12-07,557912.104160004,a vista
885968,2024-03-19,514270.975605532,a prazo
885969,2024-05-02,253953.549124242,a prazo
885970,2023-05-22,316949.869442427,a prazo
885971,2023-02-20,232092.581840541,a prazo
885972,2023-06-24,603809.050734741,a vista
885973,2023-11-18,580807.248182064,a prazo
885974,2024-05-15,227979.212054829,a prazo
885975,2024-05-14,561879.250497813,a prazo
885976,2023-11-24,621557.751590358,a prazo
885977,2023-05-19,247873.665962739,a prazo
885978,2023-03-22,599144.813744299,a prazo
885979,2023-08-31,625743.749739325,a prazo
885980,2024-06-24,610157.147924074,a prazo
885981,2023-02-16,286231.452723291,a prazo
885982,2023-06-14,682748.933386727,a prazo
885983,2024-02-24,248895.687340562,a prazo
885984,2023-01-10,599002.384796043,a vista
885985,2024-03-16,281229.238661541,a prazo
885986,2024-03-19,313954.975037964,a prazo
885987,2024-06-11,222539.306543015,a vista
885988,2023-09-14,570159.609897042,a prazo
885989,2023-01-20,274412.68902275,a prazo
885990,2023-08-18,567966.629331586,a vista
885991,2023-07-18,675564.759640559,a prazo
885992,2024-02-05,600062.859629108,a prazo
885993,2023-05-08,573279.121477088,a prazo
885994,2024-06-21,231770.376100676,a prazo
885995,2024-06-14,222944.933546477,a prazo
885996,2023-10-15,499712.920558088,a prazo
885997,2024-01-25,474419.381880048,a prazo
885998,2023-09-21,635180.967399607,a prazo
885999,2023-03-30,567085.709602391,a prazo
886000,2023-06-21,269794.217149831,a prazo
886001,2023-01-28,446108.359864418,a prazo
886002,2023-02-06,663596.809131509,a prazo
886003,2024-01-30,505652.75781829,a prazo
886004,2023-05-26,266178.949343389,a prazo
886005,2024-06-07,585702.550101511,a prazo
886006,2023-12-03,308289.08740972,a vista
886007,2024-01-13,323032.685732533,a vista
886008,2024-06-22,664902.519758123,a prazo
886009,2024-05-18,619970.680687149,a prazo
886010,2023-01-26,573926.689482055,a prazo
886011,2023-09-29,314086.98701295,a prazo
886012,2024-04-24,697478.608594851,a prazo
886013,2023-06-20,299078.262258251,a prazo
886014,2023-11-28,312028.925206426,a prazo
886015,2024-05-09,570817.085750865,a prazo
886016,2023-11-05,233339.198790916,a vista
886017,2024-02-08,647114.958841391,a prazo
886018,2023-08-29,577562.702445582,a prazo
886019,2024-07-03,518522.651181885,a prazo
886020,2024-03-16,284402.264248179,a prazo
886021,2023-12-31,287857.809044752,a prazo
886022,2024-06-12,293457.222740145,a prazo
886023,2023-08-11,633099.058795581,a vista
886024,2023-05-22,506098.834715881,a prazo
886025,2024-04-20,269623.035918031,a prazo
886026,2023-07-26,590213.304729839,a vista
886027,2024-04-24,274337.727105877,a prazo
886028,2023-12-26,596658.067294044,a prazo
886029,2024-03-05,587789.061355572,a prazo
886030,2023-01-19,662738.005308697,a prazo
886031,2024-05-22,626547.576192751,a prazo
886032,2023-12-20,295880.216468884,a prazo
886033,2024-02-06,607037.666325083,a prazo
886034,2023-03-17,518022.619855171,a prazo
886035,2023-01-28,607874.517673937,a prazo
886036,2023-04-05,425034.26651015,a prazo
886037,2023-09-07,653338.194443915,a prazo
886038,2024-06-15,264690.368772787,a prazo
886039,2023-06-12,504203.812842939,a vista
886040,2024-04-09,260254.405539196,a prazo
886041,2023-10-11,447479.80597835,a prazo
886042,2024-02-21,591394.455566871,a prazo
886043,2024-02-15,524977.426551686,a prazo
886044,2024-01-11,252114.38115599,a prazo
886045,2023-10-03,230738.544559079,a prazo
886046,2023-07-02,644558.604010961,a prazo
886047,2023-07-06,531513.816794947,a prazo
886048,2023-03-31,666370.547185551,a prazo
886049,2023-04-11,218500.64302151,a prazo
886050,2024-05-19,264744.043581602,a prazo
886051,2024-05-26,574007.354650369,a vista
886052,2024-07-01,605786.471676459,a prazo
886053,2023-06-18,574018.772635133,a prazo
886054,2023-09-17,437222.116225175,a prazo
886055,2023-05-02,515627.077205923,a prazo
886056,2024-01-16,499721.662340291,a vista
886057,2023-08-19,296612.733991855,a vista
886058,2023-05-02,562641.751715345,a vista
886059,2023-10-19,283947.927581897,a prazo
886060,2023-08-08,237257.861517022,a prazo
886061,2024-03-02,276099.406470511,a vista
886062,2023-07-24,602356.360330159,a prazo
886063,2023-12-17,571110.042323865,a prazo
886064,2024-04-29,658031.758327464,a prazo
886065,2023-09-25,270904.095694525,a prazo
886066,2023-04-03,573200.182775145,a prazo
886067,2024-06-21,697514.597253162,a prazo
886068,2024-06-14,233792.086508531,a vista
886069,2024-05-17,537038.143807718,a prazo
886070,2024-03-25,543872.549305185,a prazo
886071,2024-02-20,239794.041838007,a vista
886072,2023-10-27,645223.768615895,a prazo
886073,2023-02-27,294291.107032365,a vista
886074,2023-05-25,234857.942802643,a prazo
886075,2023-06-14,223790.490260156,a prazo
886076,2023-10-05,574406.959588843,a vista
886077,2023-03-01,541354.326124215,a vista
886078,2023-04-23,619061.192050266,a prazo
886079,2024-02-05,225515.022683272,a prazo
886080,2023-10-22,581967.100074332,a prazo
886081,2023-07-06,299890.764147213,a prazo
886082,2024-07-03,608180.659302158,a prazo
886083,2024-04-16,563956.890516371,a prazo
886084,2024-04-08,588598.398394939,a vista
886085,2024-05-27,644880.795729844,a vista
886086,2023-08-13,276099.480189785,a prazo
886087,2023-03-26,581324.434603801,a vista
886088,2024-05-15,655180.397272049,a prazo
886089,2024-04-03,513761.180492768,a prazo
886090,2023-04-02,523866.419475243,a vista
886091,2024-01-28,266389.095873462,a prazo
886092,2024-06-08,257629.141291349,a prazo
886093,2023-09-01,580681.665362565,a prazo
886094,2024-01-03,657251.787331558,a vista
886095,2023-12-18,307054.45166942,a prazo
886096,2023-05-13,622320.104019218,a prazo
886097,2023-09-18,506611.25844549,a prazo
886098,2023-07-12,507716.114810008,a prazo
886099,2023-07-02,464332.56056781,a prazo
886100,2024-01-21,504741.398877348,a vista
886101,2023-12-23,484585.230924654,a prazo
886102,2024-01-31,548232.315195615,a prazo
886103,2023-05-19,570209.036746811,a prazo
886104,2023-03-15,636738.720268299,a prazo
886105,2023-02-20,507346.889700586,a prazo
886106,2023-08-18,221380.404213712,a vista
886107,2023-01-26,485073.426552597,a vista
886108,2023-08-17,491464.637943091,a prazo
886109,2024-04-08,592384.060194921,a prazo
886110,2023-07-24,528486.277114249,a prazo
886111,2024-06-13,238988.567518103,a prazo
886112,2023-10-22,674849.5070182,a vista
886113,2023-07-19,258738.021997737,a prazo
886114,2024-03-24,552411.920124142,a vista
886115,2024-03-05,569293.551823889,a vista
886116,2023-10-08,531371.468776506,a vista
886117,2024-03-29,232930.960335755,a prazo
886118,2023-02-15,700761.567161181,a prazo
886119,2024-03-26,635478.648463974,a prazo
886120,2024-06-01,282460.793380878,a prazo
886121,2023-01-20,262741.528136915,a vista
886122,2023-12-29,548876.488982504,a prazo
886123,2023-07-23,614335.948246511,a prazo
886124,2023-03-04,588059.531567413,a prazo
886125,2023-08-26,636120.817801877,a prazo
886126,2023-01-31,613166.645183933,a vista
886127,2023-03-10,251870.825011305,a prazo
886128,2024-03-29,669092.828001993,a prazo
886129,2023-03-13,286077.533006003,a prazo
886130,2023-12-19,548218.97840043,a prazo
886131,2024-02-06,543218.566028224,a vista
886132,2024-04-29,565221.002193756,a vista
886133,2024-06-17,551291.650363642,a prazo
886134,2023-07-07,483205.494343792,a prazo
886135,2023-01-17,457227.247009994,a prazo
886136,2023-12-13,547211.085475638,a vista
886137,2023-03-03,693826.463661056,a prazo
886138,2024-02-21,559421.48384448,a vista
886139,2024-04-15,530155.834887245,a prazo
886140,2024-04-22,216623.330959455,a prazo
886141,2024-06-06,621200.888641733,a prazo
886142,2024-06-16,573339.319117721,a prazo
886143,2024-04-04,628298.327707467,a prazo
886144,2023-06-29,586893.428449427,a prazo
886145,2023-09-01,601202.529412469,a vista
886146,2024-06-04,450216.42261467,a vista
886147,2023-03-10,545602.52943034,a prazo
886148,2023-09-04,227928.963515203,a prazo
886149,2024-03-03,631548.315774199,a prazo
886150,2023-03-24,617583.037143697,a prazo
886151,2023-03-05,530890.702143409,a prazo
886152,2024-06-23,587555.194722109,a prazo
886153,2024-01-21,213572.740253467,a prazo
886154,2024-03-13,234831.402189318,a vista
886155,2024-02-24,674839.826106089,a vista
886156,2023-04-26,568034.291184779,a vista
886157,2023-05-19,636937.727563957,a prazo
886158,2023-07-21,284631.343502639,a prazo
886159,2023-07-08,486701.234901523,a prazo
886160,2023-03-18,440619.758133917,a prazo
886161,2023-07-08,254246.692351978,a prazo
886162,2023-03-04,557179.567564974,a prazo
886163,2023-07-26,299498.245406228,a prazo
886164,2024-05-27,212271.685031722,a prazo
886165,2024-01-07,540484.340977779,a prazo
886166,2023-02-02,605242.90938764,a prazo
886167,2023-05-17,629735.707467289,a prazo
886168,2023-07-29,209105.720481015,a vista
886169,2023-04-24,311904.760016048,a prazo
886170,2023-01-22,515768.803152177,a prazo
886171,2023-03-13,559640.019272946,a vista
886172,2023-03-30,295611.697061698,a prazo
886173,2024-04-16,233752.427677951,a prazo
886174,2023-07-01,490131.236201758,a prazo
886175,2023-03-23,548182.9326341,a prazo
886176,2023-12-02,459935.389032413,a prazo
886177,2023-05-24,551209.851391631,a prazo
886178,2023-02-25,450695.29763322,a vista
886179,2023-06-18,292810.475055298,a prazo
886180,2023-08-28,531931.145524149,a vista
886181,2023-07-09,461881.425400723,a prazo
886182,2024-02-27,275488.915083319,a vista
886183,2024-04-22,232627.647737125,a vista
886184,2023-11-01,652377.281276372,a prazo
886185,2024-07-01,557633.445638375,a prazo
886186,2024-06-21,561895.602290782,a vista
886187,2024-03-15,665551.426326491,a prazo
886188,2023-07-29,249927.750701307,a prazo
886189,2023-03-06,599664.661762583,a vista
886190,2024-02-03,624798.650023344,a prazo
886191,2023-03-27,619407.443631625,a prazo
886192,2023-10-09,550661.14634915,a prazo
886193,2023-02-17,553216.46288545,a prazo
886194,2024-04-28,219597.404585266,a prazo
886195,2023-07-18,230124.070982481,a prazo
886196,2023-10-03,305751.997416122,a vista
886197,2023-06-19,649217.961928046,a prazo
886198,2024-04-15,221130.808893963,a prazo
886199,2023-01-19,635913.176118614,a prazo
886200,2024-04-25,642138.224690052,a prazo
886201,2023-09-27,251755.325885536,a prazo
886202,2024-06-03,539556.23123099,a prazo
886203,2023-03-22,477587.826485852,a prazo
886204,2024-04-07,321902.907315812,a vista
886205,2023-12-14,602276.766675721,a vista
886206,2023-10-18,557102.34055604,a vista
886207,2024-01-29,312700.314771436,a vista
886208,2024-07-03,629609.505510989,a prazo
886209,2023-11-23,270286.757779825,a vista
886210,2023-09-06,651764.084401917,a prazo
886211,2024-05-29,588403.581710989,a vista
886212,2024-03-24,656484.355334226,a vista
886213,2023-12-15,604530.714986896,a prazo
886214,2023-06-30,272960.880098689,a prazo
886215,2023-12-21,670499.599796617,a prazo
886216,2023-04-10,265168.823807202,a prazo
886217,2023-05-09,597775.172206403,a prazo
886218,2023-04-10,583981.428092941,a prazo
886219,2024-02-03,294858.927839056,a prazo
886220,2024-05-31,225852.544618932,a prazo
886221,2023-11-02,245613.297543802,a prazo
886222,2023-09-12,544443.166122258,a prazo
886223,2023-08-06,586646.968167966,a prazo
886224,2023-08-30,329202.808734488,a prazo
886225,2023-01-26,270634.03012128,a prazo
886226,2023-08-10,298550.554443887,a vista
886227,2023-06-11,489999.431361141,a prazo
886228,2023-11-16,229090.644340891,a prazo
886229,2024-02-04,582600.898037752,a prazo
886230,2023-01-29,447169.907953056,a prazo
886231,2023-08-02,230529.230888253,a prazo
886232,2023-07-06,263146.180364718,a prazo
886233,2024-05-13,249897.894267286,a prazo
886234,2024-02-03,652373.685335028,a prazo
886235,2024-02-15,599978.676138678,a prazo
886236,2023-07-08,605772.044140016,a vista
886237,2023-07-08,635144.912455833,a prazo
886238,2023-01-20,574136.16768714,a prazo
886239,2023-01-26,300096.531218692,a vista
886240,2024-06-27,285938.404379469,a prazo
886241,2023-06-26,567717.628069423,a prazo
886242,2024-03-09,244477.462670978,a vista
886243,2023-07-23,313487.841357186,a prazo
886244,2024-05-31,456963.780460417,a prazo
886245,2023-11-21,286226.979525781,a prazo
886246,2023-03-08,250631.167422124,a prazo
886247,2023-05-07,612065.520304397,a prazo
886248,2023-12-11,706930.549755343,a vista
886249,2024-05-05,579026.088072178,a prazo
886250,2023-05-18,688209.881940431,a vista
886251,2023-04-23,468761.618738865,a vista
886252,2023-07-22,546769.222643274,a prazo
886253,2023-05-05,649524.67990889,a prazo
886254,2023-08-29,317252.064018398,a vista
886255,2024-06-02,226131.8369958,a prazo
886256,2023-08-21,639421.298969093,a prazo
886257,2023-03-16,500473.98852897,a prazo
886258,2023-11-03,537902.507391107,a prazo
886259,2023-09-20,591356.948491669,a vista
886260,2024-05-03,597339.626120798,a prazo
886261,2024-01-12,237832.943689626,a vista
886262,2023-10-10,564607.584681095,a prazo
886263,2023-08-26,453945.693982379,a prazo
886264,2023-02-21,468195.463467288,a prazo
886265,2023-05-08,690427.67035261,a prazo
886266,2023-09-21,667006.962298938,a vista
886267,2024-04-16,618507.830186914,a prazo
886268,2023-08-24,534808.389716969,a prazo
886269,2023-12-21,494174.746683049,a prazo
886270,2023-11-21,562843.878692213,a vista
886271,2024-03-02,707554.690644287,a prazo
886272,2023-01-25,668169.032973033,a prazo
886273,2023-09-02,574663.025337228,a prazo
886274,2024-03-24,702816.624714611,a prazo
886275,2023-06-19,465324.43118968,a vista
886276,2023-10-10,590307.325573587,a prazo
886277,2023-11-11,441369.995077217,a prazo
886278,2024-02-19,558671.687445173,a prazo
886279,2023-10-14,425227.392156663,a prazo
886280,2023-11-12,593634.763056882,a vista
886281,2023-07-24,608510.786866085,a prazo
886282,2024-05-11,264424.806072425,a prazo
886283,2024-02-09,656114.432338311,a prazo
886284,2023-03-23,569053.725286055,a prazo
886285,2024-07-02,624060.09724035,a vista
886286,2024-05-29,253154.995974949,a vista
886287,2023-11-24,576199.896444839,a prazo
886288,2023-11-12,289159.33855681,a prazo
886289,2024-03-12,559376.836932575,a vista
886290,2024-05-06,287739.823173787,a prazo
886291,2023-11-06,606827.922780555,a prazo
886292,2024-05-07,282454.917707331,a vista
886293,2024-06-05,290357.982661638,a vista
886294,2023-01-24,575643.530020935,a prazo
886295,2024-05-21,557282.841327641,a prazo
886296,2024-02-11,250595.632777394,a prazo
886297,2023-09-29,638519.894115299,a prazo
886298,2023-11-20,235214.761095399,a prazo
886299,2023-03-01,434678.535230113,a prazo
886300,2023-11-25,586279.316334387,a prazo
886301,2023-01-29,453379.983809384,a vista
886302,2024-06-08,604376.138339354,a prazo
886303,2024-01-02,427355.544057767,a prazo
886304,2023-08-19,635820.295692545,a vista
886305,2023-10-22,304938.613547716,a vista
886306,2023-03-14,527859.61653209,a prazo
886307,2024-01-03,256344.195222879,a vista
886308,2023-04-11,537987.166783856,a vista
886309,2023-03-10,223190.255459079,a prazo
886310,2023-10-19,286020.371049448,a vista
886311,2024-06-04,640891.462913149,a prazo
886312,2023-05-07,444467.925093542,a prazo
886313,2023-02-19,242877.497250984,a vista
886314,2023-12-24,619836.762622648,a vista
886315,2023-11-27,224309.186279363,a vista
886316,2024-02-18,234981.023048491,a vista
886317,2023-03-03,453519.857878066,a prazo
886318,2024-05-29,489479.796642992,a vista
886319,2023-09-18,572284.897701274,a prazo
886320,2024-03-25,703951.696097824,a prazo
886321,2024-05-30,279546.222512675,a prazo
886322,2024-03-17,550292.231369563,a prazo
886323,2023-08-21,636551.395349225,a vista
886324,2024-05-01,247595.5204582,a prazo
886325,2024-06-24,234020.559642781,a prazo
886326,2023-04-20,307264.077764187,a prazo
886327,2023-07-09,637822.354402198,a prazo
886328,2023-10-25,226829.751044751,a prazo
886329,2023-07-10,256052.686363985,a prazo
886330,2024-05-04,538131.023812429,a prazo
886331,2023-09-21,303912.199634188,a prazo
886332,2023-05-19,681131.061483621,a prazo
886333,2023-10-26,581588.413824796,a prazo
886334,2023-12-14,533281.637167465,a prazo
886335,2023-06-13,561144.148646744,a prazo
886336,2024-06-05,450642.185617485,a prazo
886337,2023-04-05,239693.595583015,a prazo
886338,2023-05-13,585274.155726674,a prazo
886339,2024-06-17,578551.428414756,a prazo
886340,2023-10-20,590455.707376492,a prazo
886341,2023-05-04,258454.358993298,a vista
886342,2023-05-12,664811.287196674,a prazo
886343,2023-05-20,599647.113219681,a prazo
886344,2023-08-19,616596.00407726,a prazo
886345,2024-05-22,271000.574882407,a prazo
886346,2023-07-29,237799.302170459,a prazo
886347,2024-01-09,638510.10381437,a prazo
886348,2023-03-25,564802.546926489,a vista
886349,2023-09-25,472839.873580275,a vista
886350,2023-02-11,594581.222311945,a prazo
886351,2023-04-27,570631.880833773,a prazo
886352,2023-10-08,220593.990246766,a prazo
886353,2023-03-17,451982.98744029,a prazo
886354,2023-12-12,577606.130358071,a prazo
886355,2023-01-20,614450.05213452,a prazo
886356,2023-12-17,595450.84288719,a prazo
886357,2023-08-16,319361.800615122,a prazo
886358,2024-06-11,526152.990599282,a prazo
886359,2023-05-19,288123.163776548,a prazo
886360,2023-10-09,578176.111688633,a vista
886361,2023-02-16,479175.857453162,a prazo
886362,2023-02-24,326741.478662106,a prazo
886363,2024-01-23,278400.286590011,a prazo
886364,2024-06-24,231791.057022642,a vista
886365,2023-12-14,530594.329476036,a prazo
886366,2024-04-05,534033.904722151,a prazo
886367,2023-10-22,440359.115108984,a prazo
886368,2024-07-01,622425.621409096,a prazo
886369,2024-01-21,568275.082207691,a prazo
886370,2024-01-13,256763.124369292,a prazo
886371,2024-06-03,683355.014709447,a prazo
886372,2023-08-27,316388.722266495,a vista
886373,2023-02-09,575893.410595961,a vista
886374,2023-08-10,284393.267753959,a prazo
886375,2023-04-13,444186.413835516,a vista
886376,2023-10-05,686151.531062489,a prazo
886377,2023-12-06,481436.95726045,a prazo
886378,2023-06-09,267264.652575121,a prazo
886379,2024-04-19,660157.511763351,a prazo
886380,2023-08-18,215833.330489309,a prazo
886381,2023-06-22,639008.220117966,a vista
886382,2023-05-15,552714.466823119,a prazo
886383,2023-12-27,626536.415117335,a prazo
886384,2023-12-18,517159.315105166,a vista
886385,2023-10-22,299522.836366981,a vista
886386,2023-07-11,241524.430621539,a prazo
886387,2023-02-21,328848.046890418,a vista
886388,2023-12-30,261422.971411544,a vista
886389,2024-03-02,288196.985538424,a vista
886390,2024-03-22,433849.671944919,a prazo
886391,2023-07-17,714345.370847332,a vista
886392,2024-05-04,268406.687115141,a prazo
886393,2023-06-06,633799.994621492,a prazo
886394,2023-04-25,685855.688766605,a prazo
886395,2023-11-21,576866.527000541,a prazo
886396,2023-01-11,638528.115523316,a prazo
886397,2023-07-08,503553.905569201,a prazo
886398,2024-02-29,613163.064493832,a vista
886399,2023-07-05,247025.234074304,a prazo
886400,2024-03-08,293333.98604737,a prazo
886401,2024-06-20,609569.539788126,a prazo
886402,2023-04-01,312740.458695387,a vista
886403,2023-07-14,227787.301262742,a prazo
886404,2024-06-04,682861.278366054,a prazo
886405,2024-01-14,522498.999360509,a prazo
886406,2024-03-02,568605.618869429,a prazo
886407,2023-04-04,313490.168741087,a prazo
886408,2023-08-17,244504.574137674,a vista
886409,2023-02-27,591121.572574545,a prazo
886410,2023-10-04,575436.549944937,a prazo
886411,2023-09-17,301058.203343273,a prazo
886412,2024-06-14,506008.774615588,a prazo
886413,2023-12-28,611159.237560379,a prazo
886414,2023-03-18,432684.103107968,a prazo
886415,2023-12-02,628935.677640466,a prazo
886416,2023-03-24,292505.008951781,a prazo
886417,2023-07-09,499069.579723711,a prazo
886418,2024-01-28,669368.262206567,a prazo
886419,2023-12-13,576755.101672581,a prazo
886420,2024-06-14,560459.327521353,a vista
886421,2023-01-07,631667.725327317,a prazo
886422,2024-05-02,262944.107386791,a vista
886423,2023-06-23,553626.610490208,a prazo
886424,2024-04-04,599619.954907547,a vista
886425,2023-04-06,574272.878005723,a prazo
886426,2023-12-10,273867.183879837,a vista
886427,2023-10-06,273329.480283511,a prazo
886428,2024-03-14,610235.288511808,a prazo
886429,2024-02-20,301785.952098108,a vista
886430,2023-12-14,486641.112942981,a prazo
886431,2023-07-11,547512.931186166,a vista
886432,2023-07-19,647164.49901995,a prazo
886433,2024-06-27,233633.766258294,a prazo
886434,2023-05-27,606008.161620275,a prazo
886435,2024-06-27,511816.900803424,a prazo
886436,2023-10-13,544073.201095426,a prazo
886437,2023-03-13,601308.531070871,a prazo
886438,2023-03-10,624811.501390803,a vista
886439,2024-02-09,624144.942168223,a prazo
886440,2023-01-11,624289.779219819,a prazo
886441,2023-03-28,593243.181088622,a prazo
886442,2023-03-15,512263.405647356,a prazo
886443,2024-03-31,306086.342827383,a prazo
886444,2023-03-05,286342.514513761,a prazo
886445,2023-09-30,662533.805555686,a vista
886446,2024-01-11,267210.439684457,a prazo
886447,2024-07-08,212893.174568186,a vista
886448,2023-08-24,635990.403366855,a prazo
886449,2024-05-18,673313.850006641,a vista
886450,2023-05-01,284429.683033695,a prazo
886451,2023-10-19,519359.240640833,a vista
886452,2024-03-12,505267.752490383,a prazo
886453,2024-01-11,289765.911949244,a prazo
886454,2023-05-17,225384.014205632,a prazo
886455,2024-03-03,534151.543274985,a prazo
886456,2024-05-05,522697.345719889,a prazo
886457,2023-04-16,611403.200018613,a vista
886458,2024-06-26,511549.880599199,a vista
886459,2023-04-01,242154.485043767,a prazo
886460,2023-03-12,654421.910049183,a prazo
886461,2023-09-13,672653.134145286,a prazo
886462,2024-04-05,504062.929866157,a vista
886463,2024-05-24,648488.57129339,a prazo
886464,2023-10-14,607654.730733563,a prazo
886465,2023-03-04,255502.245360277,a vista
886466,2024-03-23,308380.956702574,a prazo
886467,2024-04-10,545024.417892508,a prazo
886468,2024-01-14,615036.534584064,a prazo
886469,2024-05-31,653301.676641902,a prazo
886470,2024-03-20,418478.503760473,a vista
886471,2024-01-06,310531.907263815,a prazo
886472,2023-10-14,215379.347103315,a prazo
886473,2023-07-23,601091.808589509,a prazo
886474,2023-10-01,501999.770939602,a prazo
886475,2024-04-06,216874.743951211,a prazo
886476,2023-12-11,650641.813995904,a prazo
886477,2024-01-18,307955.916485415,a prazo
886478,2023-02-20,528879.380421448,a prazo
886479,2023-09-11,512947.942273699,a prazo
886480,2023-07-12,520535.589909079,a prazo
886481,2023-09-18,311255.059157598,a prazo
886482,2023-06-19,424475.711505502,a vista
886483,2024-02-14,566832.539264533,a prazo
886484,2023-04-17,511870.374160132,a vista
886485,2023-04-03,272940.045958922,a prazo
886486,2024-05-08,287868.933775008,a prazo
886487,2024-06-21,607963.646310251,a prazo
886488,2023-11-15,613573.087347111,a prazo
886489,2024-03-31,523592.787081574,a prazo
886490,2023-06-06,473454.205130358,a prazo
886491,2023-01-20,573703.887972192,a prazo
886492,2023-05-12,662496.218787231,a prazo
886493,2023-06-18,325620.221692059,a vista
886494,2023-06-28,267032.915423207,a prazo
886495,2024-03-12,502076.65804607,a prazo
886496,2024-04-26,570076.605684933,a prazo
886497,2023-07-16,579866.695467157,a prazo
886498,2023-07-22,230733.08372709,a prazo
886499,2023-06-06,549536.416683816,a prazo
886500,2023-08-01,665305.082701815,a prazo
886501,2024-04-02,478881.907596683,a vista
886502,2023-12-21,632785.482575249,a vista
886503,2023-07-06,293178.9036249,a prazo
886504,2023-03-27,308872.830364536,a prazo
886505,2024-03-24,224428.732570516,a prazo
886506,2024-02-21,455857.187076241,a prazo
886507,2023-09-28,534781.648970897,a vista
886508,2024-02-20,288694.909003249,a prazo
886509,2023-06-21,216130.683926309,a prazo
886510,2024-06-28,301928.317561539,a prazo
886511,2024-04-12,548860.763423621,a prazo
886512,2024-01-09,551733.462704833,a prazo
886513,2023-10-22,216895.063970642,a vista
886514,2024-01-26,647034.148074732,a prazo
886515,2024-02-02,705466.466880735,a prazo
886516,2023-02-18,307616.007801237,a prazo
886517,2023-12-25,505311.620816077,a prazo
886518,2023-03-26,611809.396754007,a vista
886519,2023-11-03,662695.237237386,a prazo
886520,2023-10-06,623413.9039807,a vista
886521,2023-06-08,659456.323891358,a prazo
886522,2023-12-11,579927.270976298,a vista
886523,2024-03-01,303159.021613149,a vista
886524,2023-10-12,237387.162373304,a prazo
886525,2023-05-29,597175.892274625,a prazo
886526,2023-10-24,580193.389720616,a prazo
886527,2023-10-15,580468.584170119,a vista
886528,2024-05-08,230941.582961273,a prazo
886529,2023-02-02,519102.477010022,a prazo
886530,2024-06-28,562817.481516055,a prazo
886531,2024-06-09,595701.119619894,a prazo
886532,2024-05-04,619760.642510127,a vista
886533,2023-02-21,623367.131371332,a prazo
886534,2024-02-12,254499.932359399,a vista
886535,2023-07-11,283755.427571284,a prazo
886536,2023-01-30,600980.03960287,a vista
886537,2023-02-01,254404.629235283,a prazo
886538,2023-11-11,232807.76287033,a prazo
886539,2023-04-17,545776.375234568,a vista
886540,2024-02-07,644385.577140879,a prazo
886541,2023-05-31,320586.990641444,a prazo
886542,2024-01-27,538890.539968403,a prazo
886543,2023-07-21,290982.822864746,a prazo
886544,2023-02-19,276096.359977564,a prazo
886545,2023-12-05,534053.37790892,a prazo
886546,2023-12-19,552020.075506048,a prazo
886547,2023-07-17,599671.007652356,a vista
886548,2023-08-28,566011.017488967,a vista
886549,2024-01-24,297476.816160596,a prazo
886550,2023-07-09,243616.385354773,a vista
886551,2023-03-31,519618.348276464,a prazo
886552,2023-09-07,615855.729655379,a prazo
886553,2024-06-08,592208.541497178,a vista
886554,2023-05-08,249597.348592767,a vista
886555,2024-05-18,544274.731515363,a vista
886556,2023-01-24,627550.694809523,a prazo
886557,2023-02-07,555151.180019268,a prazo
886558,2023-01-15,503255.874379115,a prazo
886559,2023-09-05,578332.278504369,a prazo
886560,2024-04-23,311274.336887221,a vista
886561,2023-09-25,554886.275203523,a vista
886562,2023-07-19,289085.51527761,a vista
886563,2024-05-03,240057.660198694,a vista
886564,2023-02-17,485863.993273912,a prazo
886565,2023-06-01,582404.326285106,a vista
886566,2023-12-18,586472.078833322,a prazo
886567,2023-04-16,301460.968395663,a vista
886568,2023-08-07,640915.606091759,a vista
886569,2023-07-04,650249.234380412,a prazo
886570,2023-06-16,472292.71575799,a prazo
886571,2024-01-01,282711.480150651,a vista
886572,2024-03-25,617201.41840818,a prazo
886573,2023-09-05,637921.67775872,a prazo
886574,2023-03-04,600499.051575795,a prazo
886575,2023-04-13,216802.665935122,a prazo
886576,2024-05-27,289377.366934936,a prazo
886577,2023-08-10,280949.950168807,a prazo
886578,2024-07-02,285921.046841407,a prazo
886579,2023-12-30,574136.384962958,a prazo
886580,2024-05-26,631964.004053159,a prazo
886581,2023-06-23,591806.466460825,a prazo
886582,2024-02-02,310969.793427652,a prazo
886583,2023-09-15,319518.109017698,a vista
886584,2023-10-12,285722.855762848,a vista
886585,2023-11-03,277179.371733685,a vista
886586,2024-01-19,241959.835336359,a prazo
886587,2023-10-04,274898.462448564,a prazo
886588,2023-08-26,227821.052798477,a vista
886589,2023-07-10,651836.578395498,a prazo
886590,2023-07-03,557020.272304553,a prazo
886591,2023-07-26,308523.433220737,a prazo
886592,2023-02-07,521245.094497757,a prazo
886593,2023-01-31,228523.088504971,a prazo
886594,2023-03-05,563037.2317944,a prazo
886595,2023-04-01,602437.485485095,a prazo
886596,2024-06-23,564245.877189689,a prazo
886597,2023-08-03,235318.001367678,a prazo
886598,2024-01-05,547648.844292813,a prazo
886599,2024-07-05,478327.744071677,a prazo
886600,2023-04-10,634733.14358474,a prazo
886601,2023-03-05,277779.439813525,a prazo
886602,2023-06-02,619393.440500428,a prazo
886603,2023-11-21,266525.791582488,a prazo
886604,2023-01-14,569852.220443272,a vista
886605,2023-08-27,271385.234033406,a prazo
886606,2023-10-25,599208.310076277,a vista
886607,2023-08-29,657387.948495432,a prazo
886608,2023-12-06,594399.644794561,a prazo
886609,2023-10-15,519307.011253191,a prazo
886610,2024-06-11,242660.733466604,a prazo
886611,2023-08-08,624944.257452507,a prazo
886612,2024-05-03,657112.72572495,a vista
886613,2023-04-10,236852.553313172,a prazo
886614,2023-08-09,587825.33203857,a prazo
886615,2023-12-30,257816.064000283,a vista
886616,2024-02-22,259932.671993994,a prazo
886617,2023-04-13,578353.890090004,a vista
886618,2023-12-18,613354.36500442,a prazo
886619,2023-07-09,233851.377834263,a prazo
886620,2024-05-02,273048.044185119,a prazo
886621,2024-01-26,509687.7113671,a vista
886622,2024-01-09,610591.575955822,a vista
886623,2024-02-27,643685.447949058,a prazo
886624,2023-05-01,589323.844104733,a prazo
886625,2024-04-15,647044.62720433,a prazo
886626,2023-03-15,235224.810056375,a vista
886627,2023-08-18,540310.481386764,a vista
886628,2023-11-06,533582.885566669,a vista
886629,2023-09-22,670404.623235931,a prazo
886630,2023-01-07,225138.571243293,a prazo
886631,2023-06-06,467990.093676414,a prazo
886632,2023-02-19,478147.921765526,a prazo
886633,2023-12-02,302404.195678905,a vista
886634,2023-07-11,283811.896668902,a prazo
886635,2023-11-11,288425.09230533,a vista
886636,2023-07-02,639912.236139479,a prazo
886637,2023-11-01,304734.690900355,a prazo
886638,2023-05-21,441272.313572543,a vista
886639,2023-11-11,310354.406020895,a vista
886640,2024-01-20,222228.387912316,a prazo
886641,2024-05-28,689448.381990706,a prazo
886642,2023-08-07,258621.098001103,a prazo
886643,2024-05-16,691301.157930355,a prazo
886644,2023-07-21,462570.933556672,a prazo
886645,2024-03-03,609928.64457359,a prazo
886646,2023-11-22,687731.485276447,a prazo
886647,2023-11-26,520238.092958496,a prazo
886648,2023-05-29,215892.390538126,a prazo
886649,2023-12-21,272393.227578888,a prazo
886650,2024-03-23,252988.047700192,a prazo
886651,2023-07-20,583135.403763167,a prazo
886652,2023-02-21,555558.105209411,a prazo
886653,2023-07-15,675907.723817262,a vista
886654,2023-06-10,598926.180545463,a vista
886655,2024-06-18,234378.383101271,a prazo
886656,2023-03-23,232906.958133143,a prazo
886657,2024-05-19,296330.466803242,a vista
886658,2023-07-09,638692.955072377,a prazo
886659,2024-02-07,575435.388412061,a prazo
886660,2024-05-15,275772.322191387,a prazo
886661,2024-03-10,266214.170324913,a prazo
886662,2023-06-23,627379.797870102,a vista
886663,2024-04-03,640803.93137122,a prazo
886664,2024-05-08,689413.218446649,a prazo
886665,2023-10-01,599389.013723084,a vista
886666,2023-08-08,564658.08989254,a vista
886667,2023-08-08,453312.71360598,a prazo
886668,2024-01-13,479389.447581497,a prazo
886669,2023-02-17,239796.824594361,a prazo
886670,2023-11-06,612919.319305929,a prazo
886671,2024-01-19,484668.674223249,a prazo
886672,2023-03-03,577180.560448373,a prazo
886673,2023-02-22,634592.593097626,a prazo
886674,2023-01-22,623128.37956436,a prazo
886675,2023-05-10,299372.929538408,a prazo
886676,2024-04-27,540301.594941526,a prazo
886677,2024-04-24,606519.653704393,a prazo
886678,2024-02-16,605154.796391671,a vista
886679,2023-07-31,300677.421658141,a prazo
886680,2023-10-22,644659.076038898,a prazo
886681,2023-02-28,471195.743803761,a prazo
886682,2023-07-22,531269.636477555,a vista
886683,2023-04-16,614387.390798367,a prazo
886684,2023-04-25,433318.352494299,a prazo
886685,2023-03-07,288958.324257737,a prazo
886686,2024-04-10,513925.955976107,a prazo
886687,2023-02-15,309001.617755667,a prazo
886688,2023-11-23,249256.593700046,a vista
886689,2023-11-10,668498.097730775,a vista
886690,2024-01-20,620744.141919142,a prazo
886691,2023-09-12,259808.348448923,a prazo
886692,2024-02-01,572400.140851286,a vista
886693,2023-03-25,461653.158306853,a prazo
886694,2023-10-24,519954.897509344,a prazo
886695,2024-01-02,518184.802231439,a prazo
886696,2023-11-01,311957.11606364,a prazo
886697,2024-06-07,517457.282579433,a prazo
886698,2023-01-30,547701.265744275,a prazo
886699,2023-09-07,638745.229518617,a prazo
886700,2024-07-07,417527.50873138,a prazo
886701,2023-05-28,488107.449911087,a vista
886702,2024-02-06,661941.65686377,a prazo
886703,2023-02-27,540433.730999021,a vista
886704,2023-02-08,225975.760488392,a prazo
886705,2023-05-27,550481.715293086,a vista
886706,2023-12-28,455891.790267986,a prazo
886707,2023-02-18,260031.777499311,a prazo
886708,2023-02-17,533378.902295902,a prazo
886709,2023-10-22,451555.443861629,a vista
886710,2024-03-11,657281.747609179,a prazo
886711,2023-02-10,666786.567407924,a prazo
886712,2023-11-30,242646.924231021,a vista
886713,2024-01-24,295592.784284744,a vista
886714,2023-05-25,257922.220019847,a prazo
886715,2024-07-04,573156.485240782,a prazo
886716,2023-08-07,626251.664535825,a prazo
886717,2023-03-19,548534.122182342,a vista
886718,2023-01-08,542807.716263029,a prazo
886719,2023-01-29,556682.128124003,a prazo
886720,2023-01-27,639554.319300491,a prazo
886721,2024-01-10,653454.20885079,a vista
886722,2023-03-02,596011.267646083,a prazo
886723,2024-06-03,634801.621066742,a vista
886724,2024-06-26,448105.519921161,a prazo
886725,2023-04-10,611434.756233105,a vista
886726,2023-07-12,656264.637720554,a vista
886727,2023-10-22,506048.206520875,a prazo
886728,2024-03-01,274660.402449938,a prazo
886729,2023-04-21,559179.458845952,a prazo
886730,2023-05-30,432486.2954004,a prazo
886731,2023-04-11,521135.582178261,a prazo
886732,2023-03-15,600708.404547792,a vista
886733,2024-01-31,263446.794061959,a prazo
886734,2023-11-23,561689.597291999,a prazo
886735,2023-01-08,260128.519168605,a vista
886736,2023-08-21,604045.69137157,a prazo
886737,2023-01-22,599865.539170306,a prazo
886738,2023-06-16,302070.807073253,a vista
886739,2023-07-22,625523.863030672,a vista
886740,2023-11-28,255356.967723315,a vista
886741,2023-06-09,541530.27745538,a prazo
886742,2023-07-24,544496.796036018,a prazo
886743,2024-01-15,257883.345081985,a prazo
886744,2024-01-03,237655.673607002,a prazo
886745,2024-04-05,482657.518066837,a prazo
886746,2023-11-07,228184.56106804,a vista
886747,2023-07-22,461912.763795493,a prazo
886748,2023-12-16,264235.833527505,a vista
886749,2023-08-30,655482.355576973,a prazo
886750,2023-05-05,623464.506083044,a prazo
886751,2023-08-24,545185.785661089,a prazo
886752,2023-01-22,303898.321726932,a prazo
886753,2023-04-26,268581.53064029,a prazo
886754,2024-06-18,617032.734914601,a vista
886755,2023-04-08,518038.061193082,a prazo
886756,2023-02-07,540791.377766081,a prazo
886757,2023-11-01,234291.556395773,a prazo
886758,2023-06-29,435798.175924702,a vista
886759,2023-02-08,463891.59054454,a prazo
886760,2023-06-18,208767.974308207,a vista
886761,2023-04-03,511254.953173383,a prazo
886762,2023-01-22,628202.304235489,a prazo
886763,2024-05-25,257269.378084793,a prazo
886764,2023-09-26,308772.074791661,a prazo
886765,2023-02-01,252426.757199802,a prazo
886766,2023-07-16,549220.240944085,a prazo
886767,2023-06-07,455504.298701634,a prazo
886768,2024-04-29,428525.892238781,a vista
886769,2023-07-05,214212.12630084,a prazo
886770,2023-10-09,609002.388667504,a vista
886771,2023-09-16,302744.247017786,a prazo
886772,2023-08-13,680020.921285797,a prazo
886773,2023-03-21,662176.242112829,a prazo
886774,2023-06-04,285760.153411831,a vista
886775,2023-09-25,444914.313238554,a prazo
886776,2023-01-20,671530.818015068,a vista
886777,2023-12-05,276387.838963962,a prazo
886778,2024-02-17,425709.03092811,a prazo
886779,2023-06-26,624703.246411063,a prazo
886780,2023-02-17,611439.446111696,a prazo
886781,2024-02-29,636248.900038009,a prazo
886782,2023-06-16,558181.648387592,a prazo
886783,2024-02-07,241330.344452057,a prazo
886784,2024-03-19,685077.701580948,a vista
886785,2023-06-06,587893.774517635,a prazo
886786,2023-11-09,666389.223373862,a prazo
886787,2024-06-10,579656.707543273,a prazo
886788,2024-06-23,611682.867742813,a prazo
886789,2023-06-27,594183.204539582,a prazo
886790,2023-01-17,670370.49042559,a prazo
886791,2024-04-05,244901.910904041,a prazo
886792,2023-04-04,248863.10489993,a prazo
886793,2023-05-27,552218.466250403,a prazo
886794,2024-03-21,257745.725203052,a vista
886795,2024-02-14,589114.078201536,a vista
886796,2023-10-12,612785.396569173,a prazo
886797,2023-05-21,302484.395408054,a prazo
886798,2024-05-14,614887.838737203,a vista
886799,2024-06-28,621673.042227948,a prazo
886800,2023-12-18,539056.226988357,a prazo
886801,2024-07-03,244473.627141989,a prazo
886802,2023-08-02,428956.795002843,a prazo
886803,2023-08-17,650128.736535881,a prazo
886804,2023-11-01,313012.464309171,a prazo
886805,2023-11-26,274789.181015465,a vista
886806,2023-07-23,217083.103213656,a prazo
886807,2023-04-25,700154.537039229,a prazo
886808,2023-06-23,646674.36623436,a vista
886809,2023-08-07,458815.367967296,a vista
886810,2023-05-17,635876.971421318,a prazo
886811,2023-11-14,270714.374343346,a prazo
886812,2024-05-09,662835.182426516,a vista
886813,2023-04-05,560814.050954251,a vista
886814,2023-07-29,614849.772315287,a vista
886815,2023-10-25,220269.479122431,a prazo
886816,2023-09-09,583297.494593674,a prazo
886817,2023-11-08,217942.91396298,a vista
886818,2024-04-24,224251.18055195,a prazo
886819,2023-09-06,434281.628129134,a prazo
886820,2023-12-11,552646.757855863,a prazo
886821,2023-08-31,606299.006087212,a vista
886822,2023-12-30,314352.061031972,a prazo
886823,2023-09-18,454147.397961173,a prazo
886824,2023-10-03,286587.158175001,a prazo
886825,2024-02-10,560212.193078959,a prazo
886826,2023-05-14,491368.698253166,a prazo
886827,2023-12-01,326614.953565184,a vista
886828,2024-05-09,531816.95176169,a prazo
886829,2023-06-01,480550.88567776,a prazo
886830,2023-06-30,477185.851625256,a prazo
886831,2023-10-08,261037.468859501,a prazo
886832,2023-09-02,599531.753920149,a prazo
886833,2024-01-29,250245.406795221,a prazo
886834,2024-06-14,463424.310117556,a prazo
886835,2023-12-04,653502.101078928,a prazo
886836,2023-01-27,274771.745447662,a prazo
886837,2023-10-22,301807.979615613,a vista
886838,2023-07-08,633759.809260579,a vista
886839,2023-05-06,615432.161137751,a prazo
886840,2024-01-10,536630.174347062,a prazo
886841,2023-02-20,556582.460859573,a vista
886842,2023-08-04,213235.946377574,a prazo
886843,2023-09-06,520102.347725886,a prazo
886844,2023-09-21,245411.892366516,a prazo
886845,2023-08-29,563192.699928999,a prazo
886846,2023-04-24,243970.410741248,a prazo
886847,2024-03-04,488291.015004631,a prazo
886848,2023-10-31,596266.452283961,a vista
886849,2023-08-01,510182.897635036,a prazo
886850,2024-06-26,625589.901181688,a prazo
886851,2023-09-19,640464.390624606,a prazo
886852,2023-10-07,590356.368003058,a prazo
886853,2023-09-17,549564.806857882,a prazo
886854,2023-09-18,314114.292914236,a vista
886855,2023-02-17,262773.511217683,a prazo
886856,2023-02-04,465521.935712842,a prazo
886857,2024-02-11,279105.074690449,a prazo
886858,2024-02-23,540447.362930371,a prazo
886859,2023-03-16,310925.300668441,a prazo
886860,2023-03-03,440753.398890408,a prazo
886861,2023-04-17,225517.22096669,a prazo
886862,2023-06-14,638114.330721936,a prazo
886863,2023-09-29,487539.804004818,a prazo
886864,2023-12-03,218316.105141711,a prazo
886865,2023-04-20,280764.131970307,a vista
886866,2023-09-16,501615.79455578,a vista
886867,2023-08-08,234231.932998562,a prazo
886868,2023-10-26,218053.957262534,a prazo
886869,2023-09-30,252618.318671838,a prazo
886870,2024-04-17,268146.804056016,a vista
886871,2024-02-28,624865.503357304,a prazo
886872,2024-03-08,227120.616413123,a prazo
886873,2023-03-04,321322.904071375,a vista
886874,2023-04-25,620174.515651057,a prazo
886875,2023-04-26,597010.936434079,a prazo
886876,2024-04-24,584555.857655222,a prazo
886877,2024-02-06,668677.206825551,a prazo
886878,2023-05-16,431513.228683339,a prazo
886879,2024-04-12,602507.014078193,a vista
886880,2024-03-27,645582.082127311,a prazo
886881,2024-04-03,310534.759714982,a prazo
886882,2023-06-07,647061.082113587,a vista
886883,2024-03-19,624750.590854274,a prazo
886884,2023-08-13,597045.130285261,a prazo
886885,2023-09-03,636878.541142115,a prazo
886886,2024-03-13,295291.106660224,a prazo
886887,2024-06-09,616511.959505765,a prazo
886888,2024-05-20,602015.164327246,a prazo
886889,2023-10-05,297367.785370636,a prazo
886890,2024-04-02,656489.208834824,a prazo
886891,2023-02-05,529557.424657971,a vista
886892,2023-10-15,577556.466055032,a prazo
886893,2024-03-25,600993.487281014,a prazo
886894,2024-06-07,580588.322346691,a prazo
886895,2023-01-31,293240.867731617,a prazo
886896,2023-04-14,510783.054827219,a prazo
886897,2023-11-22,628894.987495465,a prazo
886898,2024-04-29,628381.158000899,a vista
886899,2023-07-30,476345.234930105,a vista
886900,2023-01-19,551481.46777845,a vista
886901,2023-05-11,448958.66440537,a prazo
886902,2023-08-05,623211.709150702,a vista
886903,2023-08-12,261703.967403612,a vista
886904,2024-02-17,252434.759715654,a vista
886905,2024-05-08,567723.880628384,a prazo
886906,2023-08-30,462731.384650737,a prazo
886907,2023-09-24,616025.718972395,a prazo
886908,2023-09-20,608750.250580427,a prazo
886909,2024-01-18,295093.559656079,a prazo
886910,2024-04-16,302621.860820691,a vista
886911,2024-02-19,291500.348373871,a vista
886912,2023-09-08,261460.321625761,a vista
886913,2023-11-06,483023.67195485,a prazo
886914,2023-02-01,563523.422447004,a prazo
886915,2023-03-17,569335.968198554,a prazo
886916,2024-02-25,215351.594241535,a prazo
886917,2023-07-21,291019.963741473,a vista
886918,2024-02-23,640206.170988446,a prazo
886919,2023-03-14,594555.06561001,a vista
886920,2024-06-30,271586.149344899,a vista
886921,2023-07-21,245506.347182141,a vista
886922,2023-11-29,563530.166383929,a prazo
886923,2023-10-08,645045.707502267,a prazo
886924,2024-04-03,579920.017113738,a vista
886925,2024-05-15,587930.471191128,a prazo
886926,2023-11-21,538581.396623985,a vista
886927,2023-03-17,689662.07125322,a vista
886928,2023-01-11,632139.595168825,a vista
886929,2024-04-19,592509.29398522,a vista
886930,2023-12-29,597256.021716813,a vista
886931,2024-03-29,606033.391556484,a prazo
886932,2023-02-17,251186.394246248,a prazo
886933,2023-05-24,609267.408519878,a prazo
886934,2023-12-20,247960.618550915,a prazo
886935,2023-01-08,266565.705746628,a prazo
886936,2023-02-16,528543.577631424,a prazo
886937,2024-06-06,424874.388438715,a prazo
886938,2024-02-28,472131.508710657,a vista
886939,2023-07-15,539628.243669731,a prazo
886940,2024-04-08,419656.389559749,a prazo
886941,2023-08-25,273603.772936126,a prazo
886942,2023-10-15,553935.980445952,a vista
886943,2024-03-21,567570.932195455,a prazo
886944,2023-11-19,634387.291571905,a prazo
886945,2023-01-15,295194.176662442,a prazo
886946,2023-09-26,610277.639129521,a prazo
886947,2023-11-25,659795.085621879,a prazo
886948,2023-10-28,641412.722092054,a prazo
886949,2023-04-07,550135.883633524,a prazo
886950,2024-05-20,239539.649089866,a prazo
886951,2024-05-10,599124.001981441,a prazo
886952,2023-07-17,690592.988748618,a prazo
886953,2023-12-15,223906.054776458,a vista
886954,2023-04-17,281518.490100637,a vista
886955,2024-05-31,650624.70803639,a vista
886956,2023-03-08,293864.976542962,a vista
886957,2024-03-21,215614.85658149,a prazo
886958,2023-09-26,262196.098669422,a prazo
886959,2023-05-16,584822.849125717,a prazo
886960,2023-04-10,643769.06502864,a prazo
886961,2024-04-25,622179.849155755,a prazo
886962,2024-03-02,224416.419256833,a prazo
886963,2023-06-02,590771.982592358,a prazo
886964,2023-08-22,537871.094273483,a vista
886965,2024-03-15,632060.307780993,a vista
886966,2023-12-29,580025.644486526,a prazo
886967,2023-06-29,507680.037390121,a prazo
886968,2024-04-22,303283.020157304,a prazo
886969,2023-04-01,275769.446345482,a prazo
886970,2023-03-04,216677.5207955,a prazo
886971,2024-02-21,584399.886524728,a prazo
886972,2023-08-25,559230.233049608,a prazo
886973,2023-11-22,656027.843194502,a vista
886974,2024-04-27,590441.528106832,a vista
886975,2023-10-27,640256.5396724,a vista
886976,2024-06-10,306789.347315085,a prazo
886977,2024-03-24,471614.763228665,a prazo
886978,2023-06-21,639598.655099957,a vista
886979,2023-09-03,250770.582381968,a prazo
886980,2023-09-20,492151.665911406,a prazo
886981,2023-05-05,447048.623863356,a prazo
886982,2024-04-30,572512.026073348,a prazo
886983,2024-01-30,626377.272601078,a prazo
886984,2023-07-01,533499.284616523,a prazo
886985,2023-07-20,562488.478374393,a prazo
886986,2023-06-19,691156.120913472,a prazo
886987,2024-04-02,525316.520834726,a prazo
886988,2024-03-31,641753.777069407,a prazo
886989,2024-05-21,263719.826471536,a vista
886990,2024-03-22,223701.697222632,a prazo
886991,2023-12-19,656343.372394206,a prazo
886992,2024-02-29,303469.848785844,a prazo
886993,2024-01-24,550440.333984226,a prazo
886994,2023-04-30,640089.494303203,a vista
886995,2023-10-09,567654.193256284,a prazo
886996,2023-09-05,665459.045249391,a vista
886997,2023-02-19,271442.15371171,a prazo
886998,2023-10-12,612251.529834466,a prazo
886999,2024-01-31,280671.443611635,a prazo
887000,2024-06-01,464085.644627358,a vista
887001,2023-09-30,519352.753823614,a vista
887002,2024-06-03,252690.071108493,a vista
887003,2024-06-08,293391.764991038,a prazo
887004,2024-05-12,571712.555759684,a prazo
887005,2023-06-06,222178.368086204,a prazo
887006,2024-01-05,648109.364018013,a vista
887007,2023-12-29,426420.909779498,a prazo
887008,2023-03-25,554010.675568385,a prazo
887009,2023-12-11,619801.504419875,a prazo
887010,2023-11-11,424666.479630126,a prazo
887011,2023-02-13,235721.657391881,a prazo
887012,2023-06-28,240763.865559923,a prazo
887013,2024-07-03,633871.070204564,a prazo
887014,2024-04-05,321975.050388483,a prazo
887015,2023-01-29,629945.148341456,a vista
887016,2023-04-11,584657.696716227,a prazo
887017,2024-03-30,581701.001926173,a prazo
887018,2023-08-10,515015.803380793,a vista
887019,2023-11-13,465243.750076691,a prazo
887020,2023-07-23,567794.088196984,a prazo
887021,2024-02-12,606311.979139463,a prazo
887022,2024-02-16,560848.576263474,a vista
887023,2023-10-05,555432.537926666,a prazo
887024,2023-04-20,641469.574118865,a vista
887025,2023-07-22,642453.66959587,a vista
887026,2023-12-02,425617.642597108,a prazo
887027,2023-04-14,609967.117905751,a vista
887028,2024-01-09,610107.921400473,a prazo
887029,2023-01-30,280245.14497529,a prazo
887030,2023-10-12,562960.491050823,a prazo
887031,2023-10-13,579173.004167322,a vista
887032,2023-08-14,268876.242266651,a prazo
887033,2023-09-29,575930.480153607,a prazo
887034,2023-10-18,542263.012060672,a vista
887035,2024-02-19,490513.421342487,a vista
887036,2023-01-24,581616.112157871,a prazo
887037,2023-02-24,568589.302992536,a prazo
887038,2023-07-21,245160.508477181,a vista
887039,2023-02-21,617829.21696147,a prazo
887040,2023-05-09,540146.422482377,a prazo
887041,2023-03-01,616110.323157587,a prazo
887042,2024-04-11,305032.04172486,a prazo
887043,2024-03-10,306550.465036624,a prazo
887044,2023-04-16,630445.569803015,a vista
887045,2024-01-10,602937.437281623,a prazo
887046,2024-05-07,551520.761836316,a vista
887047,2024-01-10,459299.78964123,a prazo
887048,2023-10-15,521809.030793026,a prazo
887049,2023-07-03,256185.818072597,a vista
887050,2023-11-16,259321.162284812,a prazo
887051,2023-05-20,225598.47526102,a vista
887052,2023-09-24,301289.087231748,a prazo
887053,2024-06-29,508027.160877122,a vista
887054,2023-04-17,562974.484338183,a prazo
887055,2023-12-22,578313.060989126,a vista
887056,2023-11-16,553850.193804469,a vista
887057,2023-10-10,272344.671119665,a vista
887058,2023-01-29,249624.523324042,a prazo
887059,2024-04-24,440147.906730006,a prazo
887060,2024-06-07,577393.496595921,a vista
887061,2023-10-20,251347.712256612,a vista
887062,2023-09-19,224586.699101833,a vista
887063,2023-08-11,266514.028454707,a prazo
887064,2023-03-13,549212.528726653,a vista
887065,2023-07-15,231259.900822727,a prazo
887066,2024-05-17,587328.842134363,a prazo
887067,2023-11-14,298883.378199245,a prazo
887068,2024-06-12,611600.455625116,a prazo
887069,2023-02-19,260948.104680916,a prazo
887070,2024-04-01,295573.156678305,a prazo
887071,2024-04-25,589064.066930664,a prazo
887072,2023-09-28,555189.934950381,a prazo
887073,2024-05-28,655734.142545357,a vista
887074,2023-03-29,604371.899332137,a vista
887075,2024-01-16,441641.725179297,a prazo
887076,2024-02-04,628719.39401329,a prazo
887077,2023-01-27,562405.112474948,a prazo
887078,2023-05-31,566611.921806036,a prazo
887079,2024-06-03,586170.340739175,a prazo
887080,2023-05-06,225610.293148298,a prazo
887081,2023-05-29,620540.367980217,a vista
887082,2024-02-09,648080.242015823,a prazo
887083,2023-06-19,243134.060984375,a vista
887084,2023-09-08,544354.073128255,a prazo
887085,2023-01-17,640273.87283939,a prazo
887086,2023-03-11,566767.882747776,a prazo
887087,2023-04-26,260638.045572856,a prazo
887088,2024-02-22,640109.173979204,a prazo
887089,2023-02-22,267033.698595823,a prazo
887090,2023-11-28,551104.157841849,a vista
887091,2023-01-10,268549.159834338,a prazo
887092,2023-05-19,597681.293394328,a prazo
887093,2023-03-12,591254.418651664,a prazo
887094,2023-01-23,292322.567013307,a prazo
887095,2023-07-30,293653.879275615,a prazo
887096,2023-07-14,490753.180733379,a prazo
887097,2024-03-28,635735.618996648,a vista
887098,2024-06-27,516375.456303886,a vista
887099,2023-12-31,291624.799090918,a prazo
887100,2023-11-18,457590.858130921,a vista
887101,2024-06-08,586025.409492077,a prazo
887102,2023-02-05,529938.533503007,a prazo
887103,2023-01-12,271387.417127365,a prazo
887104,2024-01-14,563830.586120374,a vista
887105,2023-04-19,556984.203781856,a prazo
887106,2023-02-23,582078.987911723,a prazo
887107,2023-12-19,427257.439280433,a vista
887108,2023-03-25,611885.345292217,a prazo
887109,2023-01-15,611433.695158236,a vista
887110,2024-01-24,626228.58249151,a prazo
887111,2023-03-12,562422.879255422,a prazo
887112,2023-06-01,539103.707863052,a prazo
887113,2023-08-10,325244.073472603,a prazo
887114,2023-05-20,242775.166740197,a prazo
887115,2023-01-20,223325.498490404,a prazo
887116,2023-01-24,482760.640246176,a vista
887117,2024-04-09,697978.575687209,a vista
887118,2024-01-05,281605.955967819,a prazo
887119,2024-01-10,290681.693014267,a prazo
887120,2024-05-25,264651.339994232,a prazo
887121,2023-11-01,245625.855641038,a prazo
887122,2023-07-08,630519.572479771,a prazo
887123,2023-09-21,234718.709498693,a vista
887124,2023-06-27,586846.168820567,a prazo
887125,2023-07-27,237573.928756172,a vista
887126,2024-05-12,299805.122967214,a vista
887127,2023-09-09,640385.1907721,a prazo
887128,2023-07-05,310639.315859233,a vista
887129,2024-06-29,480707.894788307,a prazo
887130,2023-03-12,672627.922843051,a prazo
887131,2024-01-06,590684.613043941,a vista
887132,2024-04-10,617524.862828273,a vista
887133,2023-03-10,667938.934782526,a vista
887134,2023-03-27,260426.283465043,a vista
887135,2024-03-18,223976.816857171,a prazo
887136,2023-06-01,522384.843929248,a prazo
887137,2023-09-04,583439.038344801,a vista
887138,2024-03-24,632898.231649183,a prazo
887139,2024-06-19,284250.198755038,a prazo
887140,2024-04-08,512793.059093556,a prazo
887141,2023-03-19,602211.377234313,a vista
887142,2024-03-05,614404.141294764,a prazo
887143,2024-03-23,657095.988459948,a prazo
887144,2023-04-17,637387.338739918,a prazo
887145,2023-12-20,672994.800550397,a vista
887146,2024-05-06,600441.549190947,a prazo
887147,2024-04-12,521507.877550558,a prazo
887148,2024-06-07,547026.564142138,a prazo
887149,2023-04-21,541742.003813031,a prazo
887150,2024-06-14,619756.341072963,a prazo
887151,2024-02-16,668662.306092567,a prazo
887152,2023-09-29,257236.337635256,a prazo
887153,2023-01-24,539360.547634243,a prazo
887154,2024-05-24,499840.631770266,a prazo
887155,2023-04-20,313995.00591655,a vista
887156,2023-08-05,241998.753427678,a vista
887157,2024-03-26,578044.665889243,a prazo
887158,2024-04-16,620650.72910286,a vista
887159,2023-12-09,693444.048261113,a vista
887160,2023-03-08,215724.643888582,a prazo
887161,2023-10-17,253244.74864692,a prazo
887162,2023-12-28,582081.016545419,a vista
887163,2024-06-09,462541.28223332,a prazo
887164,2023-08-10,224572.789990195,a prazo
887165,2023-02-15,217566.480558377,a vista
887166,2023-02-05,291705.590203217,a prazo
887167,2023-02-03,636972.969187399,a prazo
887168,2023-08-16,260387.676594543,a vista
887169,2023-06-08,592191.392869974,a prazo
887170,2023-05-12,220942.896954998,a prazo
887171,2023-12-24,533827.583565124,a prazo
887172,2023-09-27,534476.539986761,a prazo
887173,2024-04-16,241650.324975165,a prazo
887174,2023-12-20,243881.471559124,a vista
887175,2024-01-24,599075.90036953,a prazo
887176,2023-04-26,470254.105542497,a prazo
887177,2023-11-20,635940.144910612,a prazo
887178,2023-10-30,572597.383990887,a vista
887179,2023-01-10,449525.604344835,a vista
887180,2024-07-08,637173.558830331,a vista
887181,2023-04-23,597693.288173074,a vista
887182,2023-03-04,555167.857522304,a prazo
887183,2024-03-05,545344.388927081,a prazo
887184,2023-07-18,563056.655715093,a vista
887185,2023-03-14,307314.648317283,a prazo
887186,2024-04-17,557648.049951143,a prazo
887187,2023-10-27,428210.816472817,a prazo
887188,2024-05-27,473650.845661297,a vista
887189,2024-04-15,575217.975203572,a vista
887190,2023-12-16,664128.492316563,a prazo
887191,2023-09-05,621880.336989839,a prazo
887192,2023-03-27,286996.678127802,a prazo
887193,2024-03-15,585012.535986701,a vista
887194,2024-05-08,706575.948560708,a prazo
887195,2024-06-13,541172.02974347,a prazo
887196,2024-03-04,546185.714548058,a prazo
887197,2023-08-18,553247.838971295,a prazo
887198,2023-06-30,303383.566275274,a prazo
887199,2023-08-22,551903.160037964,a prazo
887200,2023-10-19,557219.44642111,a prazo
887201,2023-08-14,616286.324481949,a prazo
887202,2023-03-14,515867.182902206,a prazo
887203,2024-02-14,259525.12875235,a vista
887204,2023-08-15,566270.380720063,a prazo
887205,2024-01-21,628656.72778508,a prazo
887206,2023-12-18,254763.909133906,a prazo
887207,2023-06-23,239709.005330638,a prazo
887208,2023-06-11,511719.870221131,a prazo
887209,2023-01-21,636184.984980322,a prazo
887210,2023-02-13,292746.452727038,a prazo
887211,2024-03-22,603208.391576899,a prazo
887212,2023-11-04,587206.633744178,a prazo
887213,2023-10-15,527455.003800346,a prazo
887214,2023-03-13,659730.49213869,a prazo
887215,2024-01-19,573526.434211518,a prazo
887216,2024-05-30,270785.818472783,a prazo
887217,2023-12-19,669113.504796637,a prazo
887218,2024-03-23,564776.753346264,a prazo
887219,2024-01-16,485003.730697552,a prazo
887220,2024-03-07,519433.48137809,a vista
887221,2024-03-05,270782.732814558,a vista
887222,2023-10-26,631722.499246718,a prazo
887223,2023-08-27,315406.410052683,a prazo
887224,2023-07-01,473360.502407782,a prazo
887225,2023-04-02,534333.028645293,a vista
887226,2024-02-24,433518.673897097,a prazo
887227,2023-01-14,686186.110579314,a vista
887228,2024-01-14,285939.939039941,a prazo
887229,2023-10-16,300732.302217906,a prazo
887230,2023-06-17,510942.985907942,a vista
887231,2023-11-28,542686.341254093,a prazo
887232,2023-10-05,671809.760543926,a prazo
887233,2024-05-11,239603.124321752,a prazo
887234,2023-01-21,295805.487623634,a vista
887235,2024-05-26,562715.402039259,a prazo
887236,2024-02-29,654211.20674664,a vista
887237,2023-11-23,314930.210755405,a vista
887238,2023-04-30,222984.819777022,a vista
887239,2023-12-06,224585.470799828,a prazo
887240,2023-07-02,607730.106517134,a prazo
887241,2023-06-16,246309.785538475,a vista
887242,2023-03-08,225157.369002445,a prazo
887243,2024-04-03,292600.672701358,a prazo
887244,2023-04-15,644877.649546071,a vista
887245,2023-11-14,661958.495105143,a vista
887246,2023-09-28,258684.388652296,a prazo
887247,2023-04-30,646281.582695119,a vista
887248,2023-11-24,515584.261656223,a prazo
887249,2023-12-30,654778.317955289,a vista
887250,2023-04-08,259651.343314397,a prazo
887251,2023-12-23,498785.526088612,a prazo
887252,2023-04-04,260740.773088842,a prazo
887253,2024-06-27,224648.437567131,a vista
887254,2023-09-05,234975.24545749,a prazo
887255,2023-05-30,262687.264058574,a vista
887256,2023-09-22,307293.288959743,a prazo
887257,2024-02-18,262576.421744079,a vista
887258,2023-06-02,307639.725742685,a vista
887259,2024-02-25,454766.210651378,a prazo
887260,2024-02-06,252832.861727462,a prazo
887261,2023-12-11,622890.991794733,a vista
887262,2023-02-16,458336.107688924,a vista
887263,2023-02-03,580760.96973973,a prazo
887264,2023-06-12,609702.620439404,a prazo
887265,2023-10-14,485096.16180528,a vista
887266,2023-03-10,642535.823540079,a prazo
887267,2024-02-19,670444.889178422,a prazo
887268,2023-12-24,607997.864059781,a prazo
887269,2024-04-15,232706.303496233,a prazo
887270,2023-02-13,308019.517608002,a prazo
887271,2023-12-24,476721.253005212,a prazo
887272,2024-02-24,670105.087123636,a vista
887273,2024-03-18,308634.2537527,a vista
887274,2024-07-02,233592.812383538,a prazo
887275,2024-04-30,554406.781527311,a prazo
887276,2024-04-16,697904.796232319,a vista
887277,2023-09-27,460801.758940406,a prazo
887278,2024-05-18,665009.941902141,a prazo
887279,2023-06-15,639834.468691831,a prazo
887280,2023-02-21,681980.236030487,a prazo
887281,2023-09-01,651926.443921839,a vista
887282,2023-05-03,676501.649503868,a prazo
887283,2023-12-31,633172.291808581,a prazo
887284,2024-06-08,244294.664399297,a prazo
887285,2024-01-29,668743.427885724,a prazo
887286,2023-07-12,606024.801250944,a prazo
887287,2023-07-15,502549.369624897,a prazo
887288,2023-04-15,424071.35758517,a prazo
887289,2024-07-08,538105.75921721,a vista
887290,2024-06-15,449122.526091418,a prazo
887291,2023-11-11,608023.555002726,a prazo
887292,2023-05-06,620858.382688196,a prazo
887293,2023-10-03,534252.766747406,a prazo
887294,2024-03-28,221563.702080161,a prazo
887295,2023-07-28,592255.648490733,a vista
887296,2023-11-03,230969.860391268,a prazo
887297,2023-03-28,610482.364924831,a prazo
887298,2023-09-25,284292.26646919,a prazo
887299,2024-06-13,568616.512562562,a vista
887300,2023-03-08,462569.890601298,a prazo
887301,2023-09-02,605029.818461493,a prazo
887302,2024-06-07,284886.165213217,a vista
887303,2023-01-14,494484.409994092,a vista
887304,2023-11-15,323739.723192978,a prazo
887305,2023-03-30,210586.587408659,a vista
887306,2024-01-14,299281.575065578,a prazo
887307,2023-05-25,556098.109629208,a prazo
887308,2023-05-04,301919.900894148,a prazo
887309,2024-05-09,555818.162846941,a prazo
887310,2024-06-23,659802.902098202,a vista
887311,2023-10-18,215037.037225383,a prazo
887312,2023-05-01,265336.898405843,a prazo
887313,2023-06-05,650974.398106788,a vista
887314,2024-03-30,221837.843969609,a prazo
887315,2023-08-11,571321.713646136,a prazo
887316,2023-11-09,654139.182247284,a prazo
887317,2023-02-07,563494.337051796,a prazo
887318,2024-03-15,505523.370143491,a prazo
887319,2024-05-20,219100.574060061,a vista
887320,2023-09-09,212138.361576338,a prazo
887321,2023-12-15,648238.08175604,a prazo
887322,2023-07-18,644705.412924578,a prazo
887323,2023-01-27,536796.49294668,a prazo
887324,2023-11-04,664525.858934066,a vista
887325,2023-02-13,597543.329851304,a prazo
887326,2024-02-26,627065.879698445,a prazo
887327,2024-01-30,534522.912348076,a vista
887328,2023-08-27,589759.048437436,a vista
887329,2023-01-09,529740.750574722,a prazo
887330,2023-08-20,568404.612306032,a vista
887331,2024-04-16,674476.165494558,a prazo
887332,2023-06-29,610078.951110201,a prazo
887333,2023-08-23,601983.400077391,a prazo
887334,2023-02-23,270190.764603141,a prazo
887335,2023-03-14,267960.226882777,a prazo
887336,2023-02-21,286366.344636275,a vista
887337,2024-06-13,306985.5582282,a prazo
887338,2023-11-29,443130.116676789,a vista
887339,2024-01-25,548110.437452763,a prazo
887340,2023-07-05,313194.50496484,a prazo
887341,2024-06-05,218640.352310835,a vista
887342,2023-10-19,427728.430133677,a prazo
887343,2023-08-12,558888.760844349,a vista
887344,2023-06-12,277074.535034392,a vista
887345,2023-01-04,567513.643892462,a vista
887346,2024-01-03,573919.911986211,a prazo
887347,2024-03-21,591044.449483053,a vista
887348,2023-10-05,535414.371242395,a prazo
887349,2023-01-17,212524.41308162,a prazo
887350,2023-06-16,642976.716807873,a prazo
887351,2024-03-13,651043.912040617,a prazo
887352,2024-01-15,436648.914595294,a prazo
887353,2023-11-11,301503.654199408,a prazo
887354,2024-03-18,630023.629608216,a prazo
887355,2024-01-27,594221.302697971,a prazo
887356,2024-02-04,221424.628546542,a prazo
887357,2023-11-09,226210.320733257,a vista
887358,2023-01-14,290768.291466093,a prazo
887359,2024-01-19,569385.370242964,a prazo
887360,2023-07-04,575368.019872497,a prazo
887361,2024-01-14,590193.746129817,a prazo
887362,2023-10-17,263018.561407529,a prazo
887363,2024-06-16,604723.513498865,a prazo
887364,2023-10-08,620959.096775774,a prazo
887365,2024-01-16,226773.47588029,a prazo
887366,2024-06-27,639045.571764476,a prazo
887367,2023-12-28,306999.871799336,a vista
887368,2023-01-22,270059.704247,a vista
887369,2023-10-19,213427.257442517,a vista
887370,2023-10-30,550426.95451816,a prazo
887371,2024-01-18,561521.182445655,a prazo
887372,2023-08-16,492214.947033678,a vista
887373,2023-04-08,555155.313720751,a prazo
887374,2023-10-15,546676.279350591,a prazo
887375,2024-03-15,434430.781863825,a prazo
887376,2024-02-01,659355.162326416,a vista
887377,2023-06-09,666293.233658777,a vista
887378,2024-05-20,705258.12546968,a prazo
887379,2023-10-21,487336.529253407,a prazo
887380,2023-12-07,257135.040414745,a prazo
887381,2023-05-18,226313.531249088,a vista
887382,2023-05-26,458936.798782009,a prazo
887383,2024-02-29,559633.313251058,a prazo
887384,2024-06-22,271356.489908963,a prazo
887385,2023-06-22,538306.153495356,a prazo
887386,2023-12-31,524499.459236944,a prazo
887387,2024-02-19,674615.832576275,a prazo
